subject,event_idx,t_start,t_end,duration_s,n_windows,n_windows_resolved,label,label_str,near_miss,fp_class,gini,entropy_norm,top5_mass,mean_anomaly_score,max_anomaly_score,top5_channels
chb03,0,340.0,404.0,64.0,16,16,1,TP,False,TP,0.4343817490203534,0.8907099092564245,0.5650178566850956,2.1408538818359375,7.983535289764404,P7-O1|F3-C3|FZ-CZ|T7-P7|CZ-PZ
chb03,1,4000.0,4004.0,4.0,1,1,0,FP,False,remote_FP,0.4134937660557214,0.8946108954893277,0.5561263200836739,0.7264551520347595,0.7264551520347595,C3-P3|C4-P4|P4-O2|CZ-PZ|F8-T8
chb03,2,4300.0,4424.0,124.0,31,24,1,TP,False,TP,0.2669291602839081,0.9537773002890481,0.4319967968739236,2.868659496307373,10.138078689575195,C4-P4|P7-O1|CZ-PZ|F7-T7|FP1-F3
chb03,3,7420.0,7424.0,4.0,1,1,0,FP,True,near_miss_FP,0.3917768275354163,0.9076180009908239,0.5441979603759971,1.4083689451217651,1.4083689451217651,P3-O1|CZ-PZ|C4-P4|C3-P3|F7-T7
chb03,4,7620.0,7624.0,4.0,1,1,1,TP,False,TP,0.313769375147557,0.9442468127186481,0.4720267641988767,0.28794029355049133,0.28794029355049133,FP2-F4|P7-O1|FP1-F3|C4-P4|F4-C4
chb03,6,10860.0,10944.0,84.0,21,21,0,FP,False,remote_FP,0.3176904329935455,0.9422123997241428,0.483973369523679,2.1319777965545654,5.342340469360352,P3-O1|FP2-F8|P7-O1|FP2-F4|FP1-F3
chb03,7,11780.0,11864.0,84.0,21,21,0,FP,False,remote_FP,0.38745326040621264,0.9058900453633729,0.5089699441599397,2.2863430976867676,4.573018550872803,P3-O1|FP2-F8|C3-P3|FP2-F4|C4-P4
chb03,8,11960.0,11964.0,4.0,1,1,0,FP,False,remote_FP,0.3718808395646789,0.9230341811057409,0.5273843627593034,3.3991622924804688,3.3991622924804688,F8-T8|F7-T7|CZ-PZ|P4-O2|FP2-F8
chb03,9,12120.0,12204.0,84.0,21,21,0,FP,False,remote_FP,0.3157143662648261,0.9340758848629988,0.4940713410959946,1.7580046653747559,8.001396179199219,F7-T7|FP1-F7|FZ-CZ|C3-P3|FP2-F8
chb03,10,12940.0,12944.0,4.0,1,1,1,TP,False,TP,0.4285807087243094,0.8938281526548407,0.5680829952038039,1.1031523942947388,1.1031523942947388,T7-P7|C3-P3|P8-O2|F7-T7|T8-P8
chb03,12,14580.0,14584.0,4.0,1,1,0,FP,False,remote_FP,0.40617640687056933,0.9060066180330442,0.5492251205446712,1.688383936882019,1.688383936882019,P7-O1|FZ-CZ|F3-C3|T7-P7|P4-O2
chb03,13,14720.0,14724.0,4.0,1,1,0,FP,False,remote_FP,0.3803840952021713,0.9145416060381879,0.5335230479317766,2.3074302673339844,2.3074302673339844,C3-P3|FZ-CZ|FP2-F4|CZ-PZ|FP1-F3
chb03,14,14820.0,14824.0,4.0,1,1,0,FP,False,remote_FP,0.3625186503186435,0.9272805110941353,0.5468426719814294,3.7226295471191406,3.7226295471191406,FP1-F3|P7-O1|FP2-F8|FP2-F4|C4-P4
chb03,15,15120.0,15204.0,84.0,21,21,0,FP,False,remote_FP,0.38965471531207063,0.9085022267601903,0.5166991099627846,2.836461305618286,8.952962875366211,F7-T7|P3-O1|FP2-F8|F8-T8|FP1-F7
chb03,16,15300.0,15384.0,84.0,21,21,0,FP,False,remote_FP,0.37302619808871285,0.9226320239053968,0.5435153959542273,1.3453996181488037,5.821770191192627,FP1-F7|T7-P7|F7-T7|F8-T8|FP2-F8
chb03,17,15680.0,15684.0,4.0,1,1,0,FP,False,remote_FP,0.3603595752281976,0.9177123405372108,0.48827095552590644,-0.745073676109314,-0.745073676109314,CZ-PZ|T7-P7|P7-O1|F7-T7|FP1-F3
chb03,18,15780.0,15784.0,4.0,1,1,0,FP,False,remote_FP,0.3301729590881193,0.9355285193758405,0.48392413897779013,-1.14719557762146,-1.14719557762146,FP2-F4|T7-P7|FP1-F3|FP2-F8|C3-P3
chb03,19,15980.0,15984.0,4.0,1,1,0,FP,False,remote_FP,0.28004239849573076,0.9532820785436558,0.4643745769276965,-0.3172176778316498,-0.3172176778316498,F7-T7|CZ-PZ|FZ-CZ|P7-O1|F3-C3
chb03,20,19320.0,19464.0,144.0,36,36,0,FP,False,remote_FP,0.3329172062043606,0.9330515759150044,0.4913134081393305,1.2944165468215942,6.423236846923828,F4-C4|F3-C3|FZ-CZ|F8-T8|CZ-PZ
chb03,21,19720.0,19724.0,4.0,1,1,0,FP,False,remote_FP,0.5439470077838309,0.8237948769865893,0.6683812547739724,0.592331051826477,0.592331051826477,FP1-F3|FP2-F4|P7-O1|FP2-F8|T7-P7
chb03,22,21360.0,21364.0,4.0,1,1,0,FP,False,remote_FP,0.3671397883026468,0.9155942486458286,0.5012974728245488,0.6627290844917297,0.6627290844917297,FP2-F4|P4-O2|FZ-CZ|FP1-F7|P8-O2
chb03,23,21560.0,21564.0,4.0,1,1,0,FP,False,remote_FP,0.35501112289014136,0.9237637812140748,0.518021633517963,-0.20198331773281097,-0.20198331773281097,FP1-F3|FP2-F4|P8-O2|FP1-F7|T7-P7
chb03,24,23840.0,23924.0,84.0,21,21,0,FP,False,remote_FP,0.36755432522843723,0.9191966463041359,0.5133662001391958,1.8228974342346191,6.001922607421875,F3-C3|FZ-CZ|F4-C4|FP1-F3|FP2-F4
chb03,25,25600.0,25604.0,4.0,1,1,0,FP,False,remote_FP,0.3377738495003657,0.92409176931716,0.47406805173146194,1.6065351963043213,1.6065351963043213,F4-C4|FP1-F7|FP2-F4|P4-O2|C4-P4
chb03,26,30100.0,30104.0,4.0,1,1,0,FP,False,remote_FP,0.4266229059535134,0.8949691403279781,0.5882939791274029,0.39463287591934204,0.39463287591934204,F7-T7|F8-T8|P7-O1|T7-P7|FP1-F7
chb03,27,30480.0,30604.0,124.0,31,31,0,FP,False,remote_FP,0.34355813029898186,0.927395693462315,0.47407945127179985,2.6127262115478516,7.404481887817383,FP1-F7|FP2-F8|P3-O1|CZ-PZ|FP2-F4
chb03,28,31140.0,31144.0,4.0,1,1,0,FP,False,remote_FP,0.41912598026158165,0.8949617093475202,0.5755767134058838,-1.021749496459961,-1.021749496459961,P3-O1|P7-O1|FZ-CZ|C4-P4|P4-O2
chb03,29,33740.0,33804.0,64.0,16,16,0,FP,False,remote_FP,0.22358650433059668,0.968471190096202,0.4006769775624498,1.4712274074554443,8.426748275756836,P7-O1|F4-C4|F7-T7|C3-P3|C4-P4
chb03,30,50380.0,50384.0,4.0,1,1,0,FP,False,remote_FP,0.4217870263421022,0.8949571900921008,0.549215769199592,0.7183893322944641,0.7183893322944641,C3-P3|T7-P7|P8-O2|FP1-F7|T8-P8
chb03,31,51580.0,51664.0,84.0,21,21,0,FP,False,remote_FP,0.2750282284106136,0.9549057381630226,0.45348288133745623,0.6334963440895081,5.915782928466797,T7-P7|FP1-F7|P7-O1|F8-T8|P8-O2
chb03,32,51780.0,51784.0,4.0,1,1,0,FP,False,remote_FP,0.36282446363753973,0.920314899360289,0.4943883902694385,-0.4423258602619171,-0.4423258602619171,F4-C4|P8-O2|FP1-F7|F8-T8|F7-T7
chb03,33,53540.0,53544.0,4.0,1,1,0,FP,False,remote_FP,0.4770368249990973,0.8596677260678098,0.5917681916135101,0.46716615557670593,0.46716615557670593,P3-O1|FZ-CZ|F3-C3|F4-C4|P4-O2
chb03,34,53660.0,53664.0,4.0,1,1,0,FP,False,remote_FP,0.4564653555631928,0.8622439312268186,0.5770114376411949,-0.5069481730461121,-0.5069481730461121,T8-P8|F4-C4|CZ-PZ|FP2-F4|FP2-F8
chb03,35,54660.0,54704.0,44.0,11,11,0,FP,False,remote_FP,0.3079406362463566,0.9458802753072632,0.46671227600915494,1.8896843194961548,4.922585487365723,P8-O2|F7-T7|FP1-F7|P7-O1|C3-P3
chb03,36,54900.0,54904.0,4.0,1,1,0,FP,False,remote_FP,0.21914711529213005,0.9733345212241603,0.4196314356324196,-0.09004730731248856,-0.09004730731248856,FP2-F4|FP1-F3|T7-P7|P4-O2|FZ-CZ
chb03,37,55080.0,55084.0,4.0,1,1,0,FP,False,remote_FP,0.4407662854449925,0.8845351977938785,0.58751740955742,1.691036343574524,1.691036343574524,F8-T8|FP1-F7|F7-T7|FP2-F8|T7-P7
chb03,38,55520.0,55524.0,4.0,1,1,0,FP,False,remote_FP,0.3780793243820797,0.9098583915483448,0.497843917005307,3.0667011737823486,3.0667011737823486,F8-T8|F7-T7|F3-C3|CZ-PZ|T7-P7
chb03,39,56320.0,56324.0,4.0,1,1,0,FP,False,remote_FP,0.47052016788879203,0.8658925265011916,0.5837561688395597,-0.17089687287807465,-0.17089687287807465,FP1-F7|FP2-F8|C3-P3|FP1-F3|T8-P8
chb03,40,57860.0,57864.0,4.0,1,1,0,FP,False,remote_FP,0.36636328687693864,0.9169738534504893,0.5106759911815816,-1.2387852668762207,-1.2387852668762207,FP1-F3|FP2-F4|FP1-F7|F3-C3|C4-P4
chb03,41,60640.0,60644.0,4.0,1,1,0,FP,False,remote_FP,0.4777921136900305,0.8699174153351331,0.6217438986997367,0.30215364694595337,0.30215364694595337,FP1-F7|F7-T7|CZ-PZ|P4-O2|C4-P4
chb03,42,64280.0,64284.0,4.0,1,1,0,FP,False,remote_FP,0.4164960919260303,0.8944734958306538,0.5517473098564186,-0.054709542542696,-0.054709542542696,FP2-F4|C4-P4|FP1-F3|P3-O1|F8-T8
chb03,43,65300.0,65304.0,4.0,1,1,0,FP,False,remote_FP,0.3009152625876481,0.9498667486775769,0.4708461875722409,5.224398612976074,5.224398612976074,F7-T7|FP2-F8|C3-P3|F8-T8|T7-P7
chb03,44,65460.0,65464.0,4.0,1,1,0,FP,False,remote_FP,0.35826148180007933,0.9245906988854823,0.523520378832681,1.0264184474945068,1.0264184474945068,C3-P3|P4-O2|F4-C4|P7-O1|FP2-F8
chb03,45,66600.0,66604.0,4.0,1,1,0,FP,False,remote_FP,0.36183544698045633,0.9173990587712324,0.5059744772205216,-0.6684887409210205,-0.6684887409210205,CZ-PZ|P4-O2|F7-T7|FP1-F7|P7-O1
chb03,46,66820.0,66904.0,84.0,21,21,0,FP,False,remote_FP,0.3586874395520159,0.9259636166897192,0.5044812253262907,0.9581827521324158,3.8188443183898926,FP2-F8|FP1-F7|C3-P3|F8-T8|F7-T7
chb03,47,67080.0,67084.0,4.0,1,1,0,FP,False,remote_FP,0.4424346216729482,0.8825449185968429,0.5742312097153736,0.16409438848495483,0.16409438848495483,C3-P3|FP1-F7|CZ-PZ|P7-O1|FP2-F4
chb03,48,68740.0,68744.0,4.0,1,1,0,FP,False,remote_FP,0.4123653122854005,0.9005962484717156,0.5426512516560861,-0.12405858188867569,-0.12405858188867569,C3-P3|C4-P4|P3-O1|P4-O2|F7-T7
chb03,49,69380.0,69384.0,4.0,1,1,0,FP,False,remote_FP,0.4642103808130713,0.873479937840275,0.6425750901908733,-0.6449073553085327,-0.6449073553085327,T8-P8|C3-P3|P7-O1|F3-C3|FP1-F7
chb03,50,70120.0,70124.0,4.0,1,1,0,FP,False,remote_FP,0.4593641452937913,0.8685370296036338,0.5988945962153609,0.6974585652351379,0.6974585652351379,F3-C3|P4-O2|P3-O1|FP1-F3|T7-P7
chb03,51,72140.0,72144.0,4.0,1,1,0,FP,False,remote_FP,0.2662562108195501,0.9607693744551022,0.4439449360998861,0.0001818239688873291,0.0001818239688873291,FP2-F4|FP1-F3|C4-P4|P8-O2|FZ-CZ
chb03,52,78820.0,78824.0,4.0,1,1,0,FP,False,remote_FP,0.4700945325046235,0.8625905914462966,0.6051109008877626,-0.06290679425001144,-0.06290679425001144,F8-T8|P7-O1|F4-C4|FP2-F4|FZ-CZ
chb03,53,79140.0,79144.0,4.0,1,1,0,FP,False,remote_FP,0.37492963317744943,0.9150651231099557,0.5049204067823223,-0.5383071303367615,-0.5383071303367615,C4-P4|FP2-F4|C3-P3|FP2-F8|F8-T8
chb03,54,79320.0,79384.0,64.0,16,16,0,FP,False,remote_FP,0.3509539895907059,0.9293763283558089,0.5019795752191668,1.303725242614746,5.551609516143799,F7-T7|FP2-F8|FP2-F4|FZ-CZ|FP1-F7
chb03,55,120760.0,120844.0,84.0,21,13,1,TP,False,TP,0.3803165840807907,0.9107207397774575,0.5100520731834146,2.771941661834717,9.20490550994873,P4-O2|T7-P7|P7-O1|F4-C4|FZ-CZ
chb03,56,124980.0,125084.0,104.0,26,16,1,TP,False,TP,0.3625958517504646,0.9170402747494735,0.48916868692005194,2.2046711444854736,6.807103157043457,P4-O2|P7-O1|F4-C4|T7-P7|F8-T8
chb03,57,127700.0,127784.0,84.0,21,14,1,TP,False,TP,0.3830885665913899,0.913988022954844,0.527551243096705,3.048842191696167,9.593262672424316,T7-P7|F4-C4|P7-O1|FZ-CZ|C3-P3
chb06,0,240.0,244.0,4.0,1,1,0,FP,False,remote_FP,0.31463907730060936,0.9450768994751831,0.4898477334166776,-0.36698779463768005,-0.36698779463768005,C3-P3|T7-P7|F7-T7|P8-O2|CZ-PZ
chb06,1,15020.0,15024.0,4.0,1,1,0,FP,False,remote_FP,0.426283366423726,0.893647594948469,0.5652671398890291,-0.4778814911842346,-0.4778814911842346,F3-C3|F7-T7|P7-O1|CZ-PZ|F8-T8
chb06,2,15120.0,15124.0,4.0,1,1,0,FP,False,remote_FP,0.4341437625063269,0.8903903482798754,0.5790533018742322,0.7936192750930786,0.7936192750930786,T8-P8|CZ-PZ|F3-C3|FP1-F3|FP2-F8
chb06,3,16060.0,16124.0,64.0,16,16,0,FP,False,remote_FP,0.4897854973716045,0.8625339491130393,0.6318755611178688,1.432161808013916,15.18470287322998,P8-O2|FP2-F8|P4-O2|FP1-F3|F3-C3
chb06,4,18840.0,18844.0,4.0,1,1,0,FP,False,remote_FP,0.41655334647469755,0.8997343102129457,0.5833304732116311,-0.40326786041259766,-0.40326786041259766,F8-T8|C3-P3|FP1-F7|P7-O1|P3-O1
chb06,5,20720.0,20724.0,4.0,1,1,0,FP,False,remote_FP,0.3980826465598146,0.908450699778963,0.5475728626514144,3.3493404388427734,3.3493404388427734,T7-P7|P7-O1|C4-P4|P8-O2|P4-O2
chb06,6,21200.0,21204.0,4.0,1,1,0,FP,False,remote_FP,0.4267858785467187,0.8939845712389559,0.5741940697723151,0.7051444053649902,0.7051444053649902,C4-P4|P7-O1|P3-O1|FP1-F7|FZ-CZ
chb06,7,22920.0,22924.0,4.0,1,1,0,FP,False,remote_FP,0.43068879799325366,0.8957877981186223,0.5852397982118358,1.8754053115844727,1.8754053115844727,F4-C4|P3-O1|FZ-CZ|C3-P3|F7-T7
chb06,8,23200.0,23204.0,4.0,1,1,0,FP,False,remote_FP,0.4069307000841207,0.8987810710602926,0.5540956319934622,0.36103248596191406,0.36103248596191406,F7-T7|FP1-F7|F4-C4|P3-O1|C3-P3
chb06,9,23440.0,23444.0,4.0,1,1,0,FP,False,remote_FP,0.5220289440891497,0.8401863355794791,0.6760708803954888,1.6961394548416138,1.6961394548416138,T8-P8|FP2-F8|T7-P7|P7-O1|P8-O2
chb06,10,23540.0,23544.0,4.0,1,1,0,FP,False,remote_FP,0.4112289934901734,0.8962873862866099,0.5554864025318148,1.0646368265151978,1.0646368265151978,F3-C3|FZ-CZ|F8-T8|FP1-F3|T8-P8
chb06,11,24040.0,24044.0,4.0,1,1,0,FP,False,remote_FP,0.3179382272302014,0.9417619571901553,0.47359553363616347,-0.027953486889600754,-0.027953486889600754,FP1-F7|FZ-CZ|P4-O2|T7-P7|F8-T8
chb06,12,25260.0,25264.0,4.0,1,1,0,FP,False,remote_FP,0.38219877717514006,0.906559847193626,0.5105963355064164,0.711216151714325,0.711216151714325,P7-O1|F7-T7|F8-T8|FP2-F8|C3-P3
chb06,13,27040.0,27044.0,4.0,1,1,0,FP,False,remote_FP,0.5293253474247972,0.8344539997252552,0.6788950699491115,-0.331468790769577,-0.331468790769577,T7-P7|FP2-F8|P3-O1|F3-C3|FZ-CZ
chb06,14,27360.0,27444.0,84.0,21,21,0,FP,False,remote_FP,0.4058155502606282,0.9012557338263376,0.5459864489594941,3.0545544624328613,11.18572998046875,CZ-PZ|T7-P7|FP2-F4|FZ-CZ|C3-P3
chb06,15,29520.0,29524.0,4.0,1,1,0,FP,False,remote_FP,0.36786697600766183,0.9133985485666032,0.4971126543834826,1.116942286491394,1.116942286491394,P8-O2|C4-P4|F8-T8|P4-O2|T7-P7
chb06,16,29960.0,29964.0,4.0,1,1,0,FP,False,remote_FP,0.42792018114293584,0.8893427167458038,0.5782629087550666,-1.1736050844192505,-1.1736050844192505,C4-P4|T8-P8|C3-P3|FP2-F4|P4-O2
chb06,17,30700.0,30704.0,4.0,1,1,0,FP,False,remote_FP,0.3422231747852409,0.9293315461357469,0.4923970544209315,0.7613711357116699,0.7613711357116699,CZ-PZ|FZ-CZ|F3-C3|F4-C4|T8-P8
chb06,18,31120.0,31124.0,4.0,1,1,0,FP,False,remote_FP,0.309292090727352,0.9465106982016812,0.48312746131325074,1.1367084980010986,1.1367084980010986,FP1-F7|C4-P4|T7-P7|FP1-F3|CZ-PZ
chb06,19,34940.0,35024.0,84.0,21,21,0,FP,False,remote_FP,0.4155968136420327,0.9038320064548396,0.5770531272396943,0.8357059955596924,3.8773932456970215,T7-P7|FP1-F3|F7-T7|FP2-F8|F8-T8
chb06,20,35740.0,35744.0,4.0,1,1,0,FP,False,remote_FP,0.3925437775716849,0.9123607210723497,0.5373055219742257,-0.7130327820777893,-0.7130327820777893,FP2-F8|F4-C4|C3-P3|P8-O2|FP1-F7
chb06,21,36980.0,36984.0,4.0,1,1,0,FP,False,remote_FP,0.34252347298329,0.926984057286144,0.48938011043105073,1.2297248840332031,1.2297248840332031,C3-P3|CZ-PZ|F7-T7|F8-T8|P4-O2
chb06,22,39060.0,39064.0,4.0,1,1,0,FP,False,remote_FP,0.3219741943023824,0.9334551634833683,0.46279777293766394,-0.21164599061012268,-0.21164599061012268,C4-P4|F7-T7|FP1-F7|C3-P3|P4-O2
chb06,23,41540.0,41604.0,64.0,16,16,0,FP,False,remote_FP,0.3954187021883029,0.9049949962665896,0.5224454081508824,1.4443598985671997,17.27114486694336,T8-P8|F8-T8|FP1-F7|T7-P7|P3-O1
chb06,24,42480.0,42484.0,4.0,1,1,0,FP,False,remote_FP,0.3222262448981126,0.9415883340836539,0.48672223854011065,2.11564040184021,2.11564040184021,T7-P7|P8-O2|P3-O1|P4-O2|C4-P4
chb06,25,42780.0,42784.0,4.0,1,1,0,FP,False,remote_FP,0.3598613839064033,0.9261059148413412,0.5426350803077097,0.47202086448669434,0.47202086448669434,F7-T7|FP2-F8|FZ-CZ|FP1-F3|C4-P4
chb06,26,42900.0,42904.0,4.0,1,1,0,FP,False,remote_FP,0.4114627115341256,0.8930634064917309,0.5419520744695813,1.704200267791748,1.704200267791748,P3-O1|P4-O2|P7-O1|F3-C3|F4-C4
chb06,27,43360.0,43364.0,4.0,1,1,0,FP,True,near_miss_FP,0.39179336583118407,0.9058236571623711,0.5228314237576086,3.159611940383911,3.159611940383911,FP2-F8|F7-T7|FP1-F7|T8-P8|FP1-F3
chb06,28,43460.0,43464.0,4.0,1,1,0,FP,True,near_miss_FP,0.5673326545791118,0.8014318424399662,0.697512371697533,1.0875755548477173,1.0875755548477173,F3-C3|P3-O1|FP2-F8|FZ-CZ|P7-O1
chb06,30,57180.0,57184.0,4.0,1,1,0,FP,False,remote_FP,0.42792115489928406,0.8912614113424709,0.5695468764257134,-0.27792662382125854,-0.27792662382125854,P4-O2|P3-O1|F3-C3|P7-O1|CZ-PZ
chb06,31,57720.0,57804.0,84.0,21,21,0,FP,False,remote_FP,0.43343688247059786,0.8917130019662145,0.5817859666086588,-0.3072780966758728,0.988837718963623,T8-P8|F8-T8|FZ-CZ|FP1-F7|F3-C3
chb06,32,60260.0,60264.0,4.0,1,1,0,FP,False,remote_FP,0.44889994763053287,0.8759805948294977,0.5738653070634478,-0.05488813295960426,-0.05488813295960426,FP1-F7|F7-T7|FP2-F8|P4-O2|C3-P3
chb06,33,62000.0,62004.0,4.0,1,1,0,FP,False,remote_FP,0.5417644692540069,0.8272225515689902,0.690476535226979,0.15870265662670135,0.15870265662670135,FZ-CZ|FP1-F7|P7-O1|FP2-F8|P3-O1
chb06,34,62300.0,62304.0,4.0,1,1,0,FP,False,remote_FP,0.48933425298327227,0.858106066244429,0.6644961096116946,1.3994572162628174,1.3994572162628174,T7-P7|F7-T7|F4-C4|C4-P4|CZ-PZ
chb06,35,62440.0,62524.0,84.0,21,21,0,FP,False,remote_FP,0.4841840258873471,0.8635703878040812,0.6208727782068671,0.8509934544563293,6.6261186599731445,P8-O2|T7-P7|CZ-PZ|F4-C4|F7-T7
chb06,36,63420.0,63424.0,4.0,1,1,0,FP,False,remote_FP,0.3964048407965315,0.9102210965385806,0.5404096901168499,-0.06073056906461716,-0.06073056906461716,F4-C4|FP2-F8|P3-O1|FP2-F4|T8-P8
chb06,37,63540.0,63604.0,64.0,16,16,0,FP,False,remote_FP,0.5420425982255122,0.8253510473943486,0.6765058306718339,0.7183497548103333,2.13006854057312,T7-P7|FP1-F7|F4-C4|P7-O1|F7-T7
chb06,38,64060.0,64144.0,84.0,21,21,0,FP,False,remote_FP,0.43772207463705115,0.8862777463466703,0.5991003604051339,0.4250809848308563,2.8127529621124268,F7-T7|C3-P3|P4-O2|F4-C4|P3-O1
chb06,39,64820.0,64824.0,4.0,1,1,0,FP,False,remote_FP,0.4414666623738954,0.8624215925980859,0.553989761510089,-0.5879803895950317,-0.5879803895950317,T7-P7|C4-P4|P7-O1|C3-P3|FP2-F4
chb06,40,65260.0,65264.0,4.0,1,1,0,FP,False,remote_FP,0.3777580668177656,0.9142711769879551,0.5248617297822761,1.040513515472412,1.040513515472412,FP2-F4|P3-O1|P4-O2|FP1-F3|F7-T7
chb06,41,65580.0,65584.0,4.0,1,1,0,FP,False,remote_FP,0.4204284606828832,0.8965480733308875,0.5985395750913615,2.6076126098632812,2.6076126098632812,C3-P3|P4-O2|FZ-CZ|C4-P4|CZ-PZ
chb06,42,65960.0,65964.0,4.0,1,1,0,FP,False,remote_FP,0.37401818750312743,0.9203745761251706,0.5421488253084135,2.2410130500793457,2.2410130500793457,T7-P7|F4-C4|F8-T8|P4-O2|FP2-F4
chb06,43,66420.0,66424.0,4.0,1,1,0,FP,False,remote_FP,0.4099987571488988,0.9036940304042254,0.5567168571902242,-0.017826508730649948,-0.017826508730649948,FZ-CZ|FP2-F4|F3-C3|P4-O2|CZ-PZ
chb06,44,67240.0,67324.0,84.0,21,21,0,FP,False,remote_FP,0.4377458632798472,0.8881588650291495,0.5750692553558856,-0.03294758498668671,2.6799614429473877,T7-P7|F8-T8|T8-P8|P8-O2|P7-O1
chb06,45,71060.0,71064.0,4.0,1,1,0,FP,False,remote_FP,0.3251820280029798,0.9361122902385102,0.49345716976154685,-0.9600584506988525,-0.9600584506988525,P4-O2|P8-O2|F7-T7|T7-P7|C3-P3
chb06,46,73520.0,73584.0,64.0,16,16,0,FP,False,remote_FP,0.33307895052692693,0.9394641083353296,0.5000104382873074,1.3651113510131836,7.857194423675537,C4-P4|P8-O2|F4-C4|CZ-PZ|FP2-F4
chb06,47,76340.0,76344.0,4.0,1,1,0,FP,False,remote_FP,0.46053515932118194,0.8785977646938938,0.6048955899653501,0.1871454119682312,0.1871454119682312,FP2-F8|F8-T8|FP2-F4|FP1-F7|P7-O1
chb06,48,77480.0,77484.0,4.0,1,1,0,FP,False,remote_FP,0.4431397957896386,0.8844140994655085,0.6156132631855334,0.4859198331832886,0.4859198331832886,C3-P3|P4-O2|FP2-F8|FP2-F4|FP1-F3
chb06,49,77600.0,77604.0,4.0,1,1,0,FP,False,remote_FP,0.34471074000722113,0.925481548134357,0.4843210760933696,-0.29880809783935547,-0.29880809783935547,T7-P7|F3-C3|F4-C4|FP2-F4|P4-O2
chb06,50,77940.0,77944.0,4.0,1,1,0,FP,False,remote_FP,0.3602721634647803,0.9275250576970623,0.5339996416009261,-0.1567540168762207,-0.1567540168762207,FZ-CZ|P7-O1|FP1-F3|P8-O2|C4-P4
chb06,51,80280.0,80284.0,4.0,1,1,0,FP,False,remote_FP,0.26316098621133266,0.9578339132858635,0.45469396985603316,-0.3804168105125427,-0.3804168105125427,C4-P4|P7-O1|P8-O2|FP1-F3|F3-C3
chb06,52,80960.0,80964.0,4.0,1,1,0,FP,False,remote_FP,0.3852153673852119,0.9022425123630016,0.5077967957542879,-0.15543974936008453,-0.15543974936008453,FZ-CZ|F8-T8|F7-T7|C3-P3|CZ-PZ
chb06,53,82900.0,82904.0,4.0,1,1,0,FP,False,remote_FP,0.34018999499478464,0.9323961296554119,0.5101396954576394,1.614405870437622,1.614405870437622,C4-P4|P7-O1|FP2-F4|T7-P7|F3-C3
chb06,54,83860.0,83864.0,4.0,1,1,0,FP,False,remote_FP,0.4633088605479574,0.8679065381836093,0.5984155831394379,0.36960890889167786,0.36960890889167786,FZ-CZ|P7-O1|P4-O2|F8-T8|CZ-PZ
chb06,55,84060.0,84064.0,4.0,1,1,0,FP,False,remote_FP,0.315990448458626,0.9438494345104879,0.48006351764353844,-0.9705567359924316,-0.9705567359924316,P7-O1|C4-P4|F8-T8|FP1-F3|F7-T7
chb06,56,84340.0,84344.0,4.0,1,1,0,FP,False,remote_FP,0.45042813187275144,0.877602672700914,0.5694866034364026,0.1178789883852005,0.1178789883852005,FP2-F4|P4-O2|FP2-F8|C3-P3|F4-C4
chb06,57,85080.0,85084.0,4.0,1,1,0,FP,False,remote_FP,0.32365083729279176,0.9394159573600399,0.49011741994436614,-0.55356764793396,-0.55356764793396,T8-P8|P4-O2|FP1-F7|F7-T7|C4-P4
chb06,58,85380.0,85384.0,4.0,1,1,0,FP,False,remote_FP,0.4264598986011865,0.8919215526658697,0.5538982950998745,-0.9548037052154541,-0.9548037052154541,F7-T7|F8-T8|FP2-F8|P4-O2|F4-C4
chb06,59,85540.0,85544.0,4.0,1,1,0,FP,False,remote_FP,0.3079924769566722,0.9449552187744832,0.46545934815963924,1.6641912460327148,1.6641912460327148,C4-P4|T7-P7|P7-O1|P3-O1|FP2-F4
chb06,60,85760.0,85824.0,64.0,16,16,0,FP,False,remote_FP,0.3701098748879481,0.9149102229618828,0.4986169614429294,1.8086360692977905,3.3840105533599854,P4-O2|P3-O1|FP1-F3|FZ-CZ|T7-P7
chb06,61,86700.0,86704.0,4.0,1,1,0,FP,False,remote_FP,0.4405889476591953,0.8835454448274536,0.5944141420967197,0.6807795166969299,0.6807795166969299,FP1-F3|F7-T7|P8-O2|FP1-F7|C3-P3
chb06,62,87280.0,87284.0,4.0,1,1,0,FP,False,remote_FP,0.40581219883998587,0.9054026463648501,0.5590871576330769,2.3774595260620117,2.3774595260620117,FP1-F3|FP2-F4|P4-O2|P3-O1|F3-C3
chb06,63,87500.0,87504.0,4.0,1,1,0,FP,False,remote_FP,0.4252887004221906,0.8977284570312792,0.5932871825079197,-0.5918572545051575,-0.5918572545051575,P4-O2|FP2-F4|FP1-F3|P3-O1|F8-T8
chb06,64,88320.0,88404.0,84.0,21,21,0,FP,False,remote_FP,0.35164072135030056,0.9264081371280085,0.4984336268089572,1.2227568626403809,3.9884533882141113,P4-O2|F4-C4|FP2-F4|P3-O1|FP1-F3
chb06,65,88620.0,88624.0,4.0,1,1,0,FP,False,remote_FP,0.37417772133377825,0.9120247139471246,0.5171996265803177,0.9188132286071777,0.9188132286071777,C3-P3|FP2-F4|F7-T7|T7-P7|P7-O1
chb06,66,88740.0,88744.0,4.0,1,1,0,FP,False,remote_FP,0.3529380009495997,0.9286520962220505,0.521556494326354,-0.2701783776283264,-0.2701783776283264,P4-O2|CZ-PZ|C4-P4|FP2-F4|FP2-F8
chb06,67,89620.0,89704.0,84.0,21,21,0,FP,False,remote_FP,0.2911401116118315,0.9460988316238993,0.4622225818345875,0.8875828981399536,2.7667276859283447,F4-C4|FP2-F4|FP1-F3|C3-P3|F3-C3
chb06,68,90040.0,90044.0,4.0,1,1,0,FP,False,remote_FP,0.40459611532849826,0.907143146159377,0.5547187568201977,-1.2026104927062988,-1.2026104927062988,P3-O1|FP1-F3|F3-C3|T7-P7|CZ-PZ
chb06,69,90340.0,90344.0,4.0,1,1,0,FP,False,remote_FP,0.31683799490389997,0.9393585187655779,0.47622539034179495,-0.05897058546543121,-0.05897058546543121,C3-P3|P8-O2|FZ-CZ|P7-O1|C4-P4
chb06,70,90900.0,90904.0,4.0,1,1,0,FP,False,remote_FP,0.334617297566959,0.9380260142786282,0.5121585590946134,0.8325976729393005,0.8325976729393005,FP1-F7|T7-P7|T8-P8|F3-C3|P7-O1
chb06,71,91500.0,91504.0,4.0,1,1,0,FP,False,remote_FP,0.4088268348412596,0.8952317583041732,0.5326601557805003,1.815526008605957,1.815526008605957,T7-P7|C3-P3|FP1-F3|FZ-CZ|P3-O1
chb06,72,91960.0,91964.0,4.0,1,1,0,FP,False,remote_FP,0.2783912751967126,0.9567741538577331,0.45170179443664177,0.35317543148994446,0.35317543148994446,CZ-PZ|FZ-CZ|FP2-F8|FP1-F3|P8-O2
chb06,73,92760.0,92764.0,4.0,1,1,0,FP,False,remote_FP,0.445312768981484,0.8828891965101507,0.5854466313833371,0.4040863811969757,0.4040863811969757,CZ-PZ|T7-P7|F7-T7|FP2-F8|FP1-F3
chb06,74,93160.0,93164.0,4.0,1,1,0,FP,False,remote_FP,0.4887836091416897,0.8605124691036946,0.6183329078827685,0.20785346627235413,0.20785346627235413,T8-P8|FZ-CZ|C4-P4|F8-T8|F4-C4
chb06,75,93260.0,93264.0,4.0,1,1,0,FP,False,remote_FP,0.512233722977969,0.8401466743233669,0.630719590604464,0.4981866776943207,0.4981866776943207,FP1-F7|T7-P7|FZ-CZ|CZ-PZ|FP1-F3
chb06,76,93760.0,93884.0,124.0,31,31,0,FP,False,remote_FP,0.4681152706028304,0.8681646993973371,0.587365236258898,0.32985568046569824,6.0024495124816895,FP1-F7|P8-O2|FP2-F8|P3-O1|FP1-F3
chb06,77,94420.0,94424.0,4.0,1,1,0,FP,False,remote_FP,0.23042694789028828,0.9637701516068294,0.40318729332077635,-1.5958490371704102,-1.5958490371704102,F3-C3|P4-O2|FP1-F3|FP2-F4|C3-P3
chb06,78,94520.0,94524.0,4.0,1,1,0,FP,False,remote_FP,0.3707048815620968,0.9184779020326969,0.5074958514692373,0.6870949268341064,0.6870949268341064,F3-C3|F7-T7|C4-P4|C3-P3|CZ-PZ
chb06,79,95360.0,95364.0,4.0,1,1,0,FP,False,remote_FP,0.35751726054607236,0.925496338026063,0.5007844836805263,-0.34460046887397766,-0.34460046887397766,FP1-F7|FZ-CZ|F4-C4|P4-O2|FP2-F8
chb06,80,96460.0,96464.0,4.0,1,1,0,FP,False,remote_FP,0.3798947762407021,0.9189605217824558,0.5659297730331435,-0.9849514961242676,-0.9849514961242676,P3-O1|P4-O2|P7-O1|F4-C4|T7-P7
chb06,81,97180.0,97184.0,4.0,1,1,0,FP,False,remote_FP,0.39013683833811474,0.9150390654497851,0.5557661788376169,0.3879089951515198,0.3879089951515198,F7-T7|P7-O1|FP1-F7|T7-P7|P4-O2
chb06,82,99740.0,99804.0,64.0,16,16,0,FP,False,remote_FP,0.36621407148521534,0.9123118974493043,0.48348052895004734,0.769312858581543,8.601215362548828,P8-O2|T8-P8|C3-P3|FP2-F8|FP1-F7
chb06,83,100260.0,100264.0,4.0,1,1,0,FP,False,remote_FP,0.42901768387093564,0.8934191920525473,0.5602016397871218,1.0057755708694458,1.0057755708694458,FP1-F7|F8-T8|T8-P8|FP1-F3|T7-P7
chb06,84,100480.0,100484.0,4.0,1,1,0,FP,False,remote_FP,0.43579293121503837,0.8894147418270598,0.5933795751265756,0.4445112347602844,0.4445112347602844,C3-P3|FP1-F3|FP1-F7|F7-T7|FZ-CZ
chb06,85,100600.0,100604.0,4.0,1,1,0,FP,False,remote_FP,0.40326991138299095,0.9035506751413661,0.5339576417314776,-0.8354285955429077,-0.8354285955429077,P4-O2|P7-O1|FZ-CZ|T7-P7|FP2-F8
chb06,86,100900.0,100904.0,4.0,1,1,0,FP,False,remote_FP,0.3325079878492223,0.9359099021901025,0.48351662255063044,-1.4003551006317139,-1.4003551006317139,C3-P3|FP2-F4|FZ-CZ|FP1-F3|C4-P4
chb06,87,101840.0,101844.0,4.0,1,1,0,FP,False,remote_FP,0.3776783935109631,0.9189528176202435,0.5307730236185293,-0.7630978226661682,-0.7630978226661682,P4-O2|C3-P3|FP1-F7|F4-C4|C4-P4
chb06,88,103820.0,103824.0,4.0,1,1,0,FP,False,remote_FP,0.4209477849068961,0.8907600424429467,0.5688071762017861,-1.2910993099212646,-1.2910993099212646,P7-O1|C4-P4|FP2-F8|C3-P3|FP1-F3
chb06,89,104060.0,104144.0,84.0,21,21,0,FP,False,remote_FP,0.3857360606300104,0.910205922924269,0.5171234706416309,0.8447592854499817,4.382970333099365,P4-O2|P8-O2|P7-O1|FP1-F7|FZ-CZ
chb06,90,104580.0,104664.0,84.0,21,21,0,FP,False,remote_FP,0.38348357552499857,0.907306506557046,0.5239993784385603,1.6876027584075928,15.20333480834961,P7-O1|T7-P7|FP1-F7|T8-P8|P4-O2
chb13,0,80.0,84.0,4.0,1,1,0,FP,False,remote_FP,0.3010875196986851,0.9409258532858523,0.437019789679455,2.229550361633301,2.229550361633301,P8-O2|P4-O2|F4-C4|FZ-CZ|P7-O1
chb13,1,1100.0,1104.0,4.0,1,1,0,FP,False,remote_FP,0.37372998916459643,0.9221539082299636,0.5330813766689269,1.3633273839950562,1.3633273839950562,F4-C4|P7-O1|C4-P4|FZ-CZ|P3-O1
chb13,2,1500.0,1504.0,4.0,1,1,0,FP,False,remote_FP,0.4938783422051831,0.8525097704297367,0.6014964772319124,1.0688447952270508,1.0688447952270508,FP2-F4|F4-C4|P3-O1|FZ-CZ|P7-O1
chb13,3,1640.0,1664.0,24.0,6,6,0,FP,False,remote_FP,0.3792712481023428,0.915438139128877,0.510994322652123,0.5998228192329407,1.4352302551269531,FP2-F4|P4-O2|F4-C4|FP1-F3|F8-T8
chb13,4,2780.0,2784.0,4.0,1,1,0,FP,False,remote_FP,0.3563062501158696,0.927171493734122,0.5223599095005251,-0.5175364017486572,-0.5175364017486572,C3-P3|P4-O2|P8-O2|FP2-F4|P3-O1
chb13,5,3140.0,3144.0,4.0,1,1,0,FP,False,remote_FP,0.4417608842383871,0.8887515911845514,0.6151906561609239,2.1948070526123047,2.1948070526123047,FP2-F4|P7-O1|T7-P7|P3-O1|F7-T7
chb13,6,3240.0,3244.0,4.0,1,1,0,FP,False,remote_FP,0.5013920400836307,0.8506307377449661,0.6341999287666027,1.8158531188964844,1.8158531188964844,P4-O2|F8-T8|FP2-F4|C4-P4|P3-O1
chb13,7,5540.0,5544.0,4.0,1,1,0,FP,False,remote_FP,0.34347939948244743,0.9245759731083916,0.486587038157338,-1.1832280158996582,-1.1832280158996582,CZ-PZ|P8-O2|C3-P3|FP2-F4|FP1-F7
chb13,8,5640.0,5644.0,4.0,1,1,0,FP,False,remote_FP,0.39552027475783125,0.9054536490981924,0.5239496004562211,1.7690280675888062,1.7690280675888062,F7-T7|FP1-F3|P8-O2|P7-O1|FZ-CZ
chb13,9,6220.0,6284.0,64.0,16,16,0,FP,False,remote_FP,0.32367076168559716,0.9372894599301215,0.48124860800579566,1.010266900062561,4.252654075622559,FP2-F8|FZ-CZ|T8-P8|F8-T8|T7-P7
chb13,10,7440.0,7444.0,4.0,1,1,0,FP,False,remote_FP,0.42310712870344,0.8955883312397436,0.5658652993488686,0.12948088347911835,0.12948088347911835,F8-T8|FP1-F7|C4-P4|T8-P8|P8-O2
chb13,11,10660.0,10664.0,4.0,1,1,0,FP,False,remote_FP,0.42257573349273514,0.8942859030609448,0.5630973911884921,-1.1525204181671143,-1.1525204181671143,T8-P8|C3-P3|CZ-PZ|FP1-F7|FP1-F3
chb13,12,13600.0,13604.0,4.0,1,1,0,FP,False,remote_FP,0.32881141556731897,0.9358510922212544,0.48060525210246946,0.9606727361679077,0.9606727361679077,FP1-F3|T8-P8|FZ-CZ|F3-C3|P7-O1
chb13,13,13700.0,13704.0,4.0,1,1,0,FP,False,remote_FP,0.41466162601194023,0.8933401130636143,0.5399735448057471,0.5355483293533325,0.5355483293533325,P7-O1|FP2-F4|F7-T7|FP1-F3|C3-P3
chb13,14,14140.0,14144.0,4.0,1,1,0,FP,False,remote_FP,0.37050768959307434,0.9094432751086226,0.492846039712549,-0.102052703499794,-0.102052703499794,FZ-CZ|P3-O1|CZ-PZ|FP2-F4|P4-O2
chb13,15,17660.0,17664.0,4.0,1,1,0,FP,False,remote_FP,0.16609485272166435,0.9835296071758995,0.38190945228934836,0.9814056158065796,0.9814056158065796,FP1-F3|P3-O1|FZ-CZ|C4-P4|P8-O2
chb13,16,18600.0,18604.0,4.0,1,1,0,FP,False,remote_FP,0.44404842606884865,0.8880698643095815,0.5909655371572616,-1.319716453552246,-1.319716453552246,P7-O1|T8-P8|FP1-F7|P4-O2|FP1-F3
chb13,17,19160.0,19164.0,4.0,1,1,0,FP,False,remote_FP,0.32637243657770876,0.9260958114941316,0.47522175082230955,-0.04009717330336571,-0.04009717330336571,P4-O2|F8-T8|P7-O1|FP1-F7|FP2-F4
chb13,18,19600.0,19604.0,4.0,1,1,0,FP,False,remote_FP,0.401166488036911,0.9045942419157352,0.5391728792883104,-0.4166244566440582,-0.4166244566440582,F3-C3|FP1-F7|F4-C4|CZ-PZ|FP2-F4
chb13,19,20040.0,20044.0,4.0,1,1,0,FP,False,remote_FP,0.41086471577973915,0.8999413682732014,0.5422028067225968,-0.5149602890014648,-0.5149602890014648,FP1-F7|P4-O2|FP2-F4|P3-O1|C3-P3
chb13,20,24220.0,24224.0,4.0,1,1,0,FP,False,remote_FP,0.35800171104864975,0.914787910205173,0.4942117266192945,0.8041408061981201,0.8041408061981201,P8-O2|T7-P7|F3-C3|FP2-F4|FZ-CZ
chb13,21,25040.0,25104.0,64.0,16,16,0,FP,False,remote_FP,0.3767623332582739,0.9194404747347724,0.5554637498947683,1.7485769987106323,12.689382553100586,F7-T7|FP2-F8|T8-P8|FZ-CZ|P8-O2
chb13,22,25580.0,25664.0,84.0,21,21,0,FP,False,remote_FP,0.4318808718013756,0.8876882443317343,0.5539609866664535,1.5085595846176147,5.77647066116333,F4-C4|FP2-F8|F3-C3|FP2-F4|FP1-F3
chb13,23,26080.0,26084.0,4.0,1,1,0,FP,False,remote_FP,0.39622445686321495,0.9105078434014469,0.5424668234287325,-0.46669143438339233,-0.46669143438339233,P3-O1|FP1-F7|F4-C4|P4-O2|F7-T7
chb13,24,27380.0,27384.0,4.0,1,1,0,FP,False,remote_FP,0.33942946822517217,0.9328607376179995,0.50131768073099,1.6341958045959473,1.6341958045959473,P8-O2|C4-P4|T7-P7|F8-T8|FP2-F4
chb13,25,28220.0,28224.0,4.0,1,1,0,FP,False,remote_FP,0.46140331647973665,0.8692972094989593,0.5780324917919485,0.5467410087585449,0.5467410087585449,F3-C3|FP1-F7|F4-C4|FZ-CZ|P3-O1
chb13,26,28980.0,28984.0,4.0,1,1,0,FP,False,remote_FP,0.509813977211349,0.8448336884423857,0.6630104324744778,-0.3499123156070709,-0.3499123156070709,P7-O1|FZ-CZ|C4-P4|F8-T8|P8-O2
chb13,27,29680.0,29684.0,4.0,1,1,0,FP,False,remote_FP,0.3819216762967528,0.9166048322242499,0.5291619956454503,0.32366326451301575,0.32366326451301575,CZ-PZ|T8-P8|F4-C4|P8-O2|FP1-F7
chb13,28,30020.0,30024.0,4.0,1,1,0,FP,False,remote_FP,0.38020630395144805,0.9122593051555914,0.5323903680628488,2.3221373558044434,2.3221373558044434,FP1-F7|F4-C4|C4-P4|FP2-F4|FP1-F3
chb13,29,31660.0,31664.0,4.0,1,1,0,FP,False,remote_FP,0.3998132420117162,0.9098855879405887,0.553403008872352,0.06363307684659958,0.06363307684659958,F3-C3|F8-T8|FP1-F7|F7-T7|P4-O2
chb13,30,36460.0,36524.0,64.0,16,16,0,FP,False,remote_FP,0.37532317922142355,0.9103722585070975,0.5274429450841849,1.1173590421676636,12.950810432434082,T8-P8|P8-O2|F4-C4|FZ-CZ|FP2-F8
chb13,31,36660.0,36724.0,64.0,16,16,0,FP,False,remote_FP,0.4862019192305278,0.8616145070763477,0.6533108375602623,1.0408031940460205,9.150070190429688,FP1-F7|F7-T7|C3-P3|T8-P8|P4-O2
chb13,32,37440.0,37444.0,4.0,1,1,0,FP,False,remote_FP,0.2538325737141689,0.9600929984256494,0.4235815307613674,-0.41682326793670654,-0.41682326793670654,C3-P3|F7-T7|P7-O1|P8-O2|P3-O1
chb13,33,39880.0,39964.0,84.0,21,21,0,FP,False,remote_FP,0.42440328503128466,0.8951898119095917,0.573548139592786,0.8912890553474426,9.19146728515625,FP2-F8|FP1-F7|P4-O2|F3-C3|F8-T8
chb13,34,40960.0,41044.0,84.0,21,21,0,FP,False,remote_FP,0.3973215891677029,0.9090253479988949,0.5305672959360809,0.9496806859970093,2.9121334552764893,F4-C4|P4-O2|FP2-F8|F3-C3|P3-O1
chb13,35,41380.0,41384.0,4.0,1,1,0,FP,False,remote_FP,0.4502786423149734,0.8772102453772024,0.5759642120680752,1.688542366027832,1.688542366027832,FP1-F3|FP1-F7|FP2-F8|F8-T8|FP2-F4
chb13,36,41880.0,41904.0,24.0,6,6,0,FP,False,remote_FP,0.36015630497527407,0.9249578460953587,0.5140507481864462,1.2773557901382446,2.1866495609283447,F3-C3|P4-O2|P3-O1|P8-O2|F4-C4
chb13,37,42020.0,42024.0,4.0,1,1,0,FP,False,remote_FP,0.43894576420890474,0.8843065945317147,0.5625603241853181,1.0898675918579102,1.0898675918579102,CZ-PZ|FZ-CZ|C4-P4|FP1-F3|F3-C3
chb13,38,42240.0,42364.0,124.0,31,31,0,FP,False,remote_FP,0.3495100755775795,0.9292462481140924,0.5137656533727045,1.4968558549880981,4.094199180603027,FP2-F8|FP2-F4|FP1-F3|F7-T7|F8-T8
chb13,39,43040.0,43064.0,24.0,6,6,0,FP,False,remote_FP,0.4289780230955531,0.8906345145726577,0.6032748374343139,2.4788546562194824,3.2769060134887695,F7-T7|C3-P3|F4-C4|P4-O2|P3-O1
chb13,40,43180.0,43244.0,64.0,16,16,0,FP,False,remote_FP,0.46994380138911374,0.8689558770484791,0.5984289861733509,3.275465488433838,5.316633701324463,P4-O2|C3-P3|P7-O1|P3-O1|FZ-CZ
chb13,41,44180.0,44184.0,4.0,1,1,0,FP,False,remote_FP,0.3876909426391397,0.9141468980301473,0.5554166162538752,3.0246012210845947,3.0246012210845947,T7-P7|CZ-PZ|F7-T7|P7-O1|P8-O2
chb13,42,45100.0,45244.0,144.0,36,36,0,FP,False,remote_FP,0.3781235184366931,0.9111381116345398,0.5078815993847096,3.414666175842285,13.794872283935547,FZ-CZ|F3-C3|P3-O1|P4-O2|T8-P8
chb13,43,45480.0,45484.0,4.0,1,1,0,FP,False,remote_FP,0.4128389485562698,0.9001476483139408,0.5382936535078039,2.1550493240356445,2.1550493240356445,P3-O1|CZ-PZ|C4-P4|T7-P7|FP2-F4
chb13,44,46020.0,46024.0,4.0,1,1,0,FP,False,remote_FP,0.28093455255803423,0.9536153049922615,0.4458900005583001,4.030898094177246,4.030898094177246,F3-C3|FP1-F7|FP2-F4|T7-P7|F4-C4
chb13,45,46200.0,46204.0,4.0,1,1,0,FP,False,remote_FP,0.413619153479859,0.90317358771101,0.5756950723582951,3.7885353565216064,3.7885353565216064,C3-P3|FZ-CZ|F8-T8|P4-O2|FP1-F3
chb13,46,46320.0,46324.0,4.0,1,1,0,FP,False,remote_FP,0.21330310235621508,0.9723298183699466,0.40089974775404924,1.5366408824920654,1.5366408824920654,F8-T8|T7-P7|FP2-F8|FP2-F4|P8-O2
chb13,47,46420.0,46424.0,4.0,1,1,0,FP,False,remote_FP,0.3562359809612945,0.9138581569652587,0.48352510229096857,2.4683361053466797,2.4683361053466797,P4-O2|F4-C4|FP2-F4|P3-O1|P8-O2
chb13,48,46560.0,46564.0,4.0,1,1,0,FP,False,remote_FP,0.323286612585046,0.9356669829717844,0.4997372370915241,1.844507098197937,1.844507098197937,F7-T7|C3-P3|P8-O2|C4-P4|T8-P8
chb13,49,47000.0,47164.0,164.0,41,41,0,FP,False,remote_FP,0.34466946304839263,0.9296922026848184,0.49276572621690573,1.5098234415054321,6.547400951385498,P4-O2|F8-T8|FP2-F4|FP2-F8|P3-O1
chb13,50,47400.0,47404.0,4.0,1,1,0,FP,False,remote_FP,0.24962433469155276,0.9631178883877098,0.42501102116944706,-0.1068028062582016,-0.1068028062582016,F3-C3|FP2-F8|CZ-PZ|FP1-F7|FP1-F3
chb13,51,47580.0,47584.0,4.0,1,1,0,FP,False,remote_FP,0.3654749752793709,0.9232328202835541,0.5185359407827471,-1.2693333625793457,-1.2693333625793457,FP1-F7|F7-T7|FP2-F8|P7-O1|T7-P7
chb13,52,47940.0,48024.0,84.0,21,21,0,FP,False,remote_FP,0.3293817546039013,0.9385839354766655,0.4992206974496262,1.1968454122543335,5.68328332901001,F7-T7|T8-P8|P7-O1|T7-P7|F8-T8
chb13,53,48900.0,48904.0,4.0,1,1,0,FP,False,remote_FP,0.3215097864325507,0.940099056776921,0.5007858701429956,0.9002692103385925,0.9002692103385925,T7-P7|P7-O1|C4-P4|FP2-F4|FZ-CZ
chb13,54,49720.0,49724.0,4.0,1,1,0,FP,False,remote_FP,0.3017124153107156,0.9476177365912578,0.4969277789667322,-1.3519394397735596,-1.3519394397735596,F4-C4|FP2-F8|CZ-PZ|FP1-F3|P4-O2
chb13,55,59660.0,59744.0,84.0,21,12,1,TP,False,TP,0.4346125870900903,0.8869481121483215,0.5565947221733449,2.0375919342041016,6.574472427368164,FP1-F7|FP2-F8|FZ-CZ|F7-T7|FP1-F3
chb13,56,62120.0,62204.0,84.0,21,18,1,TP,False,TP,0.4406316681071578,0.8888674272880843,0.5886145009090178,3.1517333984375,6.132599353790283,FP1-F7|FP2-F8|F7-T7|F3-C3|FP1-F3
chb13,58,97640.0,97744.0,104.0,26,6,1,TP,False,TP,0.4302983112930179,0.8847777746686211,0.5606986755015642,1.6345303058624268,7.31370735168457,F3-C3|FP1-F3|FP1-F7|FZ-CZ|CZ-PZ
chb13,59,99620.0,99684.0,64.0,16,5,1,TP,False,TP,0.42844447417484655,0.8903505752604655,0.551461278420822,1.647498369216919,8.495122909545898,CZ-PZ|C4-P4|FP2-F4|F4-C4|FZ-CZ
chb13,60,106860.0,106924.0,64.0,16,5,1,TP,False,TP,0.4126353101717679,0.9046492680348671,0.5704172429510916,1.971169114112854,6.961818218231201,FP1-F7|F7-T7|F3-C3|FP2-F8|C3-P3
chb13,61,111340.0,111424.0,84.0,21,16,1,TP,False,TP,0.4432137870679227,0.8860671373876269,0.5960584767992434,2.1347873210906982,5.174471855163574,FP1-F7|F3-C3|F7-T7|FP2-F8|FP1-F3
chb13,62,116040.0,116124.0,84.0,21,17,1,TP,False,TP,0.45277066127337307,0.8820161388225849,0.613990956657544,1.3509091138839722,3.422795534133911,FP1-F7|F7-T7|F3-C3|FZ-CZ|FP1-F3
chb13,63,116840.0,116904.0,64.0,16,13,1,TP,False,TP,0.36958655997727186,0.9240418880150731,0.538174488391713,2.1962687969207764,6.485062122344971,F7-T7|FP2-F4|C3-P3|C4-P4|P4-O2
chb13,64,117880.0,117924.0,44.0,11,11,1,TP,False,TP,0.3633726425285475,0.9183322197019149,0.4960746142952447,2.3712258338928223,5.331568241119385,F3-C3|FP1-F7|FP2-F8|F7-T7|T8-P8
chb14,0,820.0,824.0,4.0,1,1,0,FP,False,remote_FP,0.5602843848766372,0.8094182355518167,0.6977390693440375,-0.6989974975585938,-0.6989974975585938,FZ-CZ|F4-C4|F8-T8|C3-P3|P8-O2
chb14,1,1100.0,1104.0,4.0,1,1,0,FP,False,remote_FP,0.522503608884481,0.8397483235975556,0.6658427041052695,0.8952856659889221,0.8952856659889221,C4-P4|F7-T7|P4-O2|F8-T8|P3-O1
chb14,2,1580.0,1584.0,4.0,1,1,0,FP,False,remote_FP,0.3350604823335097,0.9332500361624515,0.5055466994004612,1.0075650215148926,1.0075650215148926,FP1-F3|P4-O2|CZ-PZ|FP2-F8|P3-O1
chb14,3,1700.0,1704.0,4.0,1,1,0,FP,False,remote_FP,0.42949720957986837,0.8917663894803709,0.5635977330625618,0.16164374351501465,0.16164374351501465,FZ-CZ|C3-P3|P8-O2|F3-C3|FP2-F8
chb14,4,2300.0,2304.0,4.0,1,1,0,FP,False,remote_FP,0.55466238207429,0.8107268033718479,0.6779191996812465,0.46356502175331116,0.46356502175331116,P7-O1|FP2-F4|F7-T7|FP1-F3|P4-O2
chb14,5,4580.0,4664.0,84.0,21,21,0,FP,False,remote_FP,0.47396586325202583,0.8653825495121518,0.6060019050152989,-0.6853905916213989,2.1313912868499756,C4-P4|FP2-F4|CZ-PZ|FP1-F3|C3-P3
chb14,6,7500.0,7504.0,4.0,1,1,0,FP,False,remote_FP,0.32119984725518713,0.9413379610871591,0.4994855053183211,-0.4839002788066864,-0.4839002788066864,P7-O1|F7-T7|FP2-F8|F3-C3|T8-P8
chb14,7,8200.0,8204.0,4.0,1,1,0,FP,False,remote_FP,0.3017403735045332,0.9496093031629398,0.4663610291755602,0.41680261492729187,0.41680261492729187,P3-O1|FP2-F8|F8-T8|F4-C4|F3-C3
chb14,8,8840.0,8844.0,4.0,1,1,0,FP,False,remote_FP,0.3930252805934984,0.9115270526030532,0.5688423599257999,0.6181865930557251,0.6181865930557251,P3-O1|FP2-F8|P8-O2|P4-O2|F8-T8
chb14,10,11580.0,11584.0,4.0,1,1,0,FP,False,remote_FP,0.4321807782270659,0.881337647876597,0.5478152475516509,-0.044970087707042694,-0.044970087707042694,P4-O2|F4-C4|P3-O1|P7-O1|F8-T8
chb14,11,11680.0,11684.0,4.0,1,1,0,FP,False,remote_FP,0.4024445184582468,0.905009674674826,0.5373221424531102,0.2664030194282532,0.2664030194282532,C4-P4|FP2-F8|P8-O2|P4-O2|F4-C4
chb14,12,12160.0,12164.0,4.0,1,1,1,TP,False,TP,0.3354397659781547,0.9359397920898315,0.4940190993826904,2.5245540142059326,2.5245540142059326,C4-P4|P4-O2|P3-O1|P8-O2|P7-O1
chb14,14,14600.0,14604.0,4.0,1,1,0,FP,False,remote_FP,0.45394066492106444,0.8805995796280836,0.5970574023058369,-0.8523075580596924,-0.8523075580596924,CZ-PZ|C3-P3|C4-P4|P7-O1|P4-O2
chb14,15,14860.0,14864.0,4.0,1,1,0,FP,False,remote_FP,0.480909034197039,0.8652858680150795,0.6253791217102601,1.1367279291152954,1.1367279291152954,FP2-F4|C4-P4|F8-T8|FP2-F8|P8-O2
chb14,16,14980.0,15204.0,224.0,56,56,0,FP,False,remote_FP,0.3404446440139337,0.9261612738335068,0.4978701245759601,0.9035457968711853,4.401346206665039,FP2-F8|F3-C3|F4-C4|CZ-PZ|P8-O2
chb14,17,15360.0,15364.0,4.0,1,1,0,FP,False,remote_FP,0.38710228067854247,0.9116534892209281,0.5328824542953301,2.4549272060394287,2.4549272060394287,FP1-F3|FZ-CZ|F3-C3|F4-C4|FP2-F4
chb14,18,15560.0,15564.0,4.0,1,1,0,FP,False,remote_FP,0.3609275161848873,0.9243639890584371,0.4989472441425631,-0.18153731524944305,-0.18153731524944305,P3-O1|F4-C4|F7-T7|P4-O2|P8-O2
chb14,19,16280.0,16364.0,84.0,21,12,1,TP,False,TP,0.4355429984119701,0.8822678155959139,0.5483778562004845,0.6412981152534485,4.761349201202393,F8-T8|FP1-F3|F3-C3|FP2-F4|FZ-CZ
chb14,20,18840.0,18844.0,4.0,1,1,0,FP,False,remote_FP,0.4011181056976165,0.9040019494474157,0.5262244543475536,1.1388041973114014,1.1388041973114014,T8-P8|FZ-CZ|FP1-F7|CZ-PZ|C3-P3
chb14,21,19120.0,19124.0,4.0,1,1,0,FP,False,remote_FP,0.4671159321383338,0.8563682883489692,0.6015645799796223,0.1214652955532074,0.1214652955532074,FZ-CZ|T8-P8|P7-O1|FP2-F4|T7-P7
chb14,22,21080.0,21084.0,4.0,1,1,0,FP,False,remote_FP,0.5765798777971882,0.8007565735199115,0.7004307366516285,-0.051133446395397186,-0.051133446395397186,F3-C3|C3-P3|FP1-F3|P3-O1|FP2-F8
chb14,23,21400.0,21404.0,4.0,1,1,0,FP,False,remote_FP,0.3337410800732483,0.9316543160115607,0.4781188978459962,0.9851769804954529,0.9851769804954529,P7-O1|F7-T7|FZ-CZ|FP1-F7|P8-O2
chb14,24,21680.0,21764.0,84.0,21,21,0,FP,False,remote_FP,0.25422597110420186,0.9633688414644275,0.4394760910166529,1.5779842138290405,5.409432411193848,F3-C3|CZ-PZ|C4-P4|FP1-F7|F4-C4
chb14,25,22400.0,22404.0,4.0,1,1,0,FP,False,remote_FP,0.3835393630828059,0.9142301795692722,0.5522811141040077,3.541517734527588,3.541517734527588,FP2-F8|FZ-CZ|T8-P8|P4-O2|F4-C4
chb14,26,22500.0,22504.0,4.0,1,1,0,FP,False,remote_FP,0.36439401845735797,0.9224603108519818,0.5263075714895564,-0.9803563356399536,-0.9803563356399536,P4-O2|FP2-F4|C4-P4|FP1-F3|P3-O1
chb14,27,23120.0,23184.0,64.0,16,16,0,FP,True,near_miss_FP,0.4061083576540494,0.9031753317187148,0.5372918101957486,0.48959267139434814,1.7232438325881958,F3-C3|P7-O1|P8-O2|FP2-F8|C3-P3
chb14,28,23420.0,23504.0,84.0,21,15,1,TP,False,TP,0.3766476332452673,0.9158865783917866,0.5084374883823408,1.346373200416565,5.064140319824219,F8-T8|FP1-F7|CZ-PZ|C3-P3|FP1-F3
chb14,29,25680.0,25684.0,4.0,1,1,0,FP,False,remote_FP,0.33065573399131987,0.9391033300234901,0.4901430838129266,1.0452125072479248,1.0452125072479248,P7-O1|C3-P3|T7-P7|P3-O1|P4-O2
chb14,30,25920.0,26144.0,224.0,56,56,0,FP,False,remote_FP,0.3028965376357051,0.9361911154200661,0.45756606632866414,0.4306788444519043,3.213805675506592,C3-P3|F4-C4|F8-T8|T8-P8|FP2-F8
chb14,31,26260.0,26264.0,4.0,1,1,0,FP,False,remote_FP,0.41620529853469557,0.9013788625560564,0.560235696662325,-0.49305328726768494,-0.49305328726768494,T8-P8|P4-O2|CZ-PZ|C3-P3|F8-T8
chb14,32,26680.0,26684.0,4.0,1,1,0,FP,False,remote_FP,0.4142478335088171,0.8980937032142607,0.5771840027951528,1.393829345703125,1.393829345703125,FP1-F3|FP2-F4|P4-O2|T8-P8|F3-C3
chb14,33,27420.0,27424.0,4.0,1,1,0,FP,False,remote_FP,0.3176360775779248,0.941619549189703,0.4785812125887802,0.8225357532501221,0.8225357532501221,C4-P4|FP2-F8|F8-T8|F4-C4|FZ-CZ
chb14,34,27820.0,27824.0,4.0,1,1,0,FP,False,remote_FP,0.35769603183879983,0.9266232809473245,0.53743025023112,-0.2543904185295105,-0.2543904185295105,CZ-PZ|C4-P4|P7-O1|FP1-F7|C3-P3
chb14,35,27920.0,27924.0,4.0,1,1,0,FP,False,remote_FP,0.26532007460585993,0.9571637951266234,0.4311758636784081,-0.44647836685180664,-0.44647836685180664,P3-O1|T7-P7|F7-T7|FP1-F3|C4-P4
chb14,36,28200.0,28204.0,4.0,1,1,0,FP,False,remote_FP,0.45124745722142645,0.8788082236889166,0.5988273169181838,0.22636625170707703,0.22636625170707703,P7-O1|P4-O2|C4-P4|FZ-CZ|FP1-F7
chb14,37,28400.0,28404.0,4.0,1,1,0,FP,False,remote_FP,0.351147252533875,0.9277728079285247,0.5094233429273443,0.15938332676887512,0.15938332676887512,F3-C3|P8-O2|C3-P3|F8-T8|P3-O1
chb14,38,29080.0,29084.0,4.0,1,1,0,FP,False,remote_FP,0.4362720651658827,0.885060936679008,0.5929493200836454,0.30133721232414246,0.30133721232414246,P8-O2|P7-O1|C4-P4|FP2-F8|T7-P7
chb14,39,30060.0,30064.0,4.0,1,1,0,FP,False,remote_FP,0.3248904118760594,0.9223075357370037,0.45612473867720965,1.0463191270828247,1.0463191270828247,T8-P8|T7-P7|FP1-F7|P7-O1|CZ-PZ
chb14,40,30520.0,30524.0,4.0,1,1,0,FP,False,remote_FP,0.40196696355361694,0.9008695669123624,0.5451480614595707,1.9689456224441528,1.9689456224441528,P4-O2|T8-P8|P7-O1|F8-T8|FZ-CZ
chb14,41,30760.0,30764.0,4.0,1,1,0,FP,False,remote_FP,0.3911601605554429,0.9114251699477866,0.5546712665013308,1.1226708889007568,1.1226708889007568,P7-O1|F7-T7|FZ-CZ|C3-P3|T7-P7
chb14,42,30960.0,30964.0,4.0,1,1,0,FP,False,remote_FP,0.4605066235123012,0.8682405563714589,0.577546867482814,3.6467885971069336,3.6467885971069336,F8-T8|FP1-F3|CZ-PZ|F4-C4|F7-T7
chb14,43,31760.0,31924.0,164.0,41,41,0,FP,False,remote_FP,0.4340176809922647,0.8896244228204965,0.5717883902448487,0.23353932797908783,3.0574023723602295,P7-O1|T8-P8|F7-T7|FP1-F7|P8-O2
chb14,44,33020.0,33024.0,4.0,1,1,0,FP,False,remote_FP,0.30259885448197443,0.9459106702920974,0.47089282059453275,-1.219963788986206,-1.219963788986206,P4-O2|P3-O1|C3-P3|FZ-CZ|FP2-F8
chb14,45,33560.0,33564.0,4.0,1,1,0,FP,False,remote_FP,0.45440579989366103,0.8746334590051589,0.5840481479532601,-0.1537467986345291,-0.1537467986345291,C4-P4|FP1-F7|P7-O1|FP2-F8|FP2-F4
chb14,46,33920.0,34064.0,144.0,36,36,0,FP,False,remote_FP,0.34761382729352475,0.924371336421125,0.4791443107484609,-0.14469453692436218,2.9052932262420654,C4-P4|FP2-F4|P8-O2|F7-T7|T7-P7
chb14,47,34400.0,34404.0,4.0,1,1,0,FP,False,remote_FP,0.35256789565414604,0.9262335621965827,0.5001148987046705,-0.5619503855705261,-0.5619503855705261,C4-P4|CZ-PZ|P7-O1|FP1-F3|FP2-F8
chb14,48,34500.0,34504.0,4.0,1,1,0,FP,False,remote_FP,0.39495955372253544,0.8967243498160751,0.504334209402965,1.2860816717147827,1.2860816717147827,P3-O1|F3-C3|C4-P4|C3-P3|FP2-F8
chb14,49,34780.0,34844.0,64.0,16,16,0,FP,False,remote_FP,0.3692530376620826,0.9184852594070082,0.5172113223413519,0.7806727290153503,1.992896318435669,F3-C3|F4-C4|FZ-CZ|P7-O1|F8-T8
chb14,50,35840.0,35844.0,4.0,1,1,0,FP,False,remote_FP,0.4386642516957424,0.8865901938403972,0.558363502521724,-0.34981244802474976,-0.34981244802474976,FP1-F3|FP2-F4|CZ-PZ|P3-O1|P4-O2
chb14,51,37320.0,37324.0,4.0,1,1,0,FP,False,remote_FP,0.3710088320017979,0.913689870174791,0.49573274908150305,0.7215458154678345,0.7215458154678345,C4-P4|FP1-F3|P8-O2|P7-O1|F8-T8
chb14,52,37420.0,37424.0,4.0,1,1,0,FP,False,remote_FP,0.379791837814889,0.9162630913921131,0.5350049903346061,-0.28121939301490784,-0.28121939301490784,P8-O2|P7-O1|CZ-PZ|FP2-F4|F7-T7
chb14,53,38940.0,38944.0,4.0,1,1,0,FP,False,remote_FP,0.40415262603772284,0.8999138066978595,0.5324460939959678,-0.621211588382721,-0.621211588382721,T8-P8|C3-P3|FP1-F3|FP2-F4|FP2-F8
chb14,54,39860.0,39924.0,64.0,16,16,0,FP,False,remote_FP,0.4152341528943131,0.8894914692703512,0.5510489506675426,0.24497351050376892,2.412015914916992,F8-T8|C4-P4|P8-O2|FZ-CZ|F3-C3
chb14,55,40800.0,40804.0,4.0,1,1,0,FP,False,remote_FP,0.24743486078893073,0.9657416483615715,0.4360146064840242,1.4709819555282593,1.4709819555282593,P7-O1|F7-T7|P8-O2|T8-P8|F8-T8
chb14,56,41960.0,42024.0,64.0,16,16,0,FP,False,remote_FP,0.35317817441636534,0.9300458176897889,0.5046277957769197,0.6317158937454224,2.9600918292999268,P4-O2|FP1-F3|P3-O1|F8-T8|FP2-F4
chb14,57,42720.0,42724.0,4.0,1,1,0,FP,True,near_miss_FP,0.3552301114799594,0.9195441533488917,0.5034101996697403,0.41869789361953735,0.41869789361953735,P3-O1|FZ-CZ|T8-P8|T7-P7|CZ-PZ
chb14,58,43640.0,43644.0,4.0,1,1,0,FP,False,remote_FP,0.4009852204904669,0.9023942290258571,0.5386445847334537,-0.22612977027893066,-0.22612977027893066,C3-P3|P4-O2|F8-T8|FZ-CZ|F7-T7
chb14,59,43980.0,43984.0,4.0,1,1,0,FP,True,near_miss_FP,0.3218053166361188,0.9399886390018884,0.47659021732785817,0.12932460010051727,0.12932460010051727,CZ-PZ|P7-O1|F4-C4|FP2-F4|FP1-F3
chb14,60,44160.0,44164.0,4.0,1,1,0,FP,True,near_miss_FP,0.37678670070138076,0.9071339439349984,0.5193543914235902,1.0410215854644775,1.0410215854644775,P7-O1|FP1-F7|CZ-PZ|P4-O2|FP1-F3
chb14,62,46820.0,46824.0,4.0,1,1,0,FP,False,remote_FP,0.3573852171955656,0.9282230385577162,0.5212861163052988,1.3898937702178955,1.3898937702178955,P4-O2|C4-P4|FP1-F3|FP2-F4|C3-P3
chb14,63,47360.0,47364.0,4.0,1,1,0,FP,False,remote_FP,0.3231077838992358,0.9326352297990401,0.46480942976553397,-0.6175198554992676,-0.6175198554992676,F3-C3|P4-O2|FP2-F4|FP1-F3|F4-C4
chb14,64,47480.0,47484.0,4.0,1,1,0,FP,False,remote_FP,0.23771335603037658,0.9694576988355031,0.4430891506971161,2.5133843421936035,2.5133843421936035,P4-O2|FP2-F4|P3-O1|FZ-CZ|F3-C3
chb14,65,47740.0,47744.0,4.0,1,1,0,FP,False,remote_FP,0.25561800914452304,0.9640691798956155,0.4393108663670027,-1.293652892112732,-1.293652892112732,FP2-F4|C3-P3|FP2-F8|F3-C3|F4-C4
chb14,66,47840.0,47904.0,64.0,16,16,0,FP,False,remote_FP,0.4048940501704652,0.9040910721257179,0.5530653435057783,-0.1271357387304306,0.7963503003120422,C4-P4|C3-P3|CZ-PZ|FP2-F4|FP2-F8
chb14,67,48100.0,48104.0,4.0,1,1,0,FP,False,remote_FP,0.4350720833667028,0.8688732407430121,0.6075028388622019,1.721846342086792,1.721846342086792,FP1-F7|FP2-F8|T8-P8|P7-O1|F8-T8
chb14,68,48340.0,48344.0,4.0,1,1,0,FP,False,remote_FP,0.4718456371524318,0.8720218441834384,0.6117121695554061,0.5307331085205078,0.5307331085205078,P7-O1|F3-C3|FZ-CZ|FP1-F7|P3-O1
chb14,69,51140.0,51224.0,84.0,21,21,0,FP,False,remote_FP,0.4064694173041854,0.9058243842549104,0.5441537943495152,-0.6292504072189331,2.9314632415771484,C4-P4|FP1-F3|FP2-F4|F8-T8|C3-P3
chb14,70,51460.0,51464.0,4.0,1,1,0,FP,False,remote_FP,0.3786978178244209,0.9168635704192074,0.5543030497097593,-0.5822428464889526,-0.5822428464889526,P7-O1|T8-P8|C3-P3|C4-P4|FP2-F8
chb14,71,52180.0,52184.0,4.0,1,1,0,FP,False,remote_FP,0.3000255247032506,0.9444566355146697,0.44954674911006065,0.21353107690811157,0.21353107690811157,P4-O2|FP2-F4|CZ-PZ|T7-P7|F7-T7
chb14,72,52300.0,52304.0,4.0,1,1,0,FP,False,remote_FP,0.42250741918332,0.8971950541374327,0.5725969198011691,0.09806293994188309,0.09806293994188309,T7-P7|T8-P8|P7-O1|FP1-F3|F3-C3
chb14,73,52860.0,52924.0,64.0,16,16,0,FP,False,remote_FP,0.3535259362620402,0.9291064155323321,0.5015521562560712,0.729900598526001,5.989840984344482,C3-P3|FP1-F7|FP2-F4|F7-T7|T7-P7
chb14,74,53380.0,53384.0,4.0,1,1,0,FP,False,remote_FP,0.3651880051593903,0.9206618156188389,0.5023918096383218,-0.23186130821704865,-0.23186130821704865,P3-O1|T7-P7|C4-P4|P8-O2|F3-C3
chb14,75,54280.0,54344.0,64.0,16,16,0,FP,False,remote_FP,0.3803499257666427,0.9095212594225474,0.5056161366583847,-0.2798752188682556,0.9467048645019531,CZ-PZ|FP1-F3|T8-P8|F3-C3|P7-O1
chb14,76,55820.0,55824.0,4.0,1,1,0,FP,False,remote_FP,0.42446399903758647,0.8903611837921158,0.5415798125491688,0.2259334921836853,0.2259334921836853,CZ-PZ|C3-P3|F4-C4|FP2-F8|P8-O2
chb14,77,55920.0,56004.0,84.0,21,21,0,FP,False,remote_FP,0.3529968627525566,0.9197047633654692,0.47491778657366956,1.0053540468215942,2.1294820308685303,CZ-PZ|FP2-F8|FZ-CZ|P7-O1|P3-O1
chb14,78,56120.0,56184.0,64.0,16,16,0,FP,False,remote_FP,0.5392043874011005,0.8112090820543938,0.6404252793080422,1.004780650138855,5.061671257019043,FZ-CZ|F7-T7|T7-P7|P8-O2|CZ-PZ
chb14,79,57800.0,57804.0,4.0,1,1,0,FP,False,remote_FP,0.26580146146363726,0.954506506293533,0.4447861795585346,0.4663761258125305,0.4663761258125305,FZ-CZ|P3-O1|F3-C3|C4-P4|P4-O2
chb14,80,58180.0,58184.0,4.0,1,1,0,FP,False,remote_FP,0.5159574059817571,0.8417354219894886,0.6468764005875125,-0.09242656826972961,-0.09242656826972961,FZ-CZ|FP1-F3|FP2-F4|P7-O1|C3-P3
chb14,81,59280.0,59284.0,4.0,1,1,0,FP,False,remote_FP,0.2656195285343683,0.9591400294840882,0.44139476833273833,1.7251794338226318,1.7251794338226318,C4-P4|P3-O1|F3-C3|CZ-PZ|P8-O2
chb14,82,59740.0,59804.0,64.0,16,16,0,FP,False,remote_FP,0.3758435746944153,0.914851849988014,0.5239514764167352,0.6985456347465515,3.178286552429199,F3-C3|F4-C4|FZ-CZ|CZ-PZ|FP1-F7
chb14,83,61340.0,61344.0,4.0,1,1,0,FP,False,remote_FP,0.3519091232198206,0.9272945718322421,0.5164197320065212,-0.09061700850725174,-0.09061700850725174,P8-O2|F8-T8|C3-P3|C4-P4|FP1-F3
chb14,84,61540.0,61544.0,4.0,1,1,0,FP,False,remote_FP,0.3100585541132326,0.9408907190301736,0.4968728609436593,0.46812042593955994,0.46812042593955994,P4-O2|F4-C4|P3-O1|FZ-CZ|F7-T7
chb14,85,62500.0,62504.0,4.0,1,1,0,FP,False,remote_FP,0.41934247571126515,0.8953169095509272,0.5543664612640297,0.8131945729255676,0.8131945729255676,F3-C3|F8-T8|CZ-PZ|FP2-F8|FP2-F4
chb14,86,63380.0,63384.0,4.0,1,1,0,FP,False,remote_FP,0.38430636055194944,0.9030661850748153,0.5151121970412872,-0.21142201125621796,-0.21142201125621796,CZ-PZ|P3-O1|P4-O2|FP1-F3|FZ-CZ
chb14,87,63760.0,63764.0,4.0,1,1,0,FP,False,remote_FP,0.4494214857670191,0.8816653134139608,0.5842589621288992,0.6474688053131104,0.6474688053131104,F8-T8|P8-O2|F3-C3|P4-O2|F4-C4
chb14,88,64000.0,64004.0,4.0,1,1,0,FP,False,remote_FP,0.3855255053148048,0.9137167531814112,0.5559708489061788,-1.5591802597045898,-1.5591802597045898,FP1-F3|C4-P4|FP2-F4|T8-P8|P8-O2
chb14,89,64180.0,64244.0,64.0,16,16,0,FP,False,remote_FP,0.4450268959165522,0.8838409811203116,0.6005294991576362,-0.3326122760772705,1.9281529188156128,C3-P3|FP1-F3|C4-P4|FP2-F4|CZ-PZ
chb14,90,65080.0,65084.0,4.0,1,1,0,FP,False,remote_FP,0.29362915700240344,0.9509010384779968,0.461437136287722,-0.3001566529273987,-0.3001566529273987,C4-P4|FP1-F7|F7-T7|FP1-F3|F8-T8
chb14,91,65740.0,65744.0,4.0,1,1,0,FP,False,remote_FP,0.43475305514111806,0.8869573235881256,0.5710196141948355,1.0862332582473755,1.0862332582473755,FP1-F7|FP2-F8|F7-T7|C3-P3|P8-O2
chb15,0,640.0,724.0,84.0,21,21,0,FP,False,remote_FP,0.3382125797695741,0.9366008285960661,0.4972236282210587,0.6153061389923096,5.829310894012451,CZ-PZ|FZ-CZ|P8-O2|F3-C3|F4-C4
chb15,1,2020.0,2024.0,4.0,1,1,0,FP,False,remote_FP,0.43153185756318857,0.893271887336759,0.5752888048369189,0.31134694814682007,0.31134694814682007,F8-T8|P3-O1|T8-P8|FP2-F8|CZ-PZ
chb15,2,2180.0,2184.0,4.0,1,1,0,FP,False,remote_FP,0.4326391211448839,0.8918864662436764,0.5679006370722107,-0.4519665241241455,-0.4519665241241455,C4-P4|P3-O1|F7-T7|F3-C3|FZ-CZ
chb15,3,2740.0,2744.0,4.0,1,1,0,FP,False,remote_FP,0.36313318344151324,0.9194359914175089,0.5043543900547117,1.3484102487564087,1.3484102487564087,P7-O1|FP2-F8|P3-O1|F7-T7|FP1-F7
chb15,4,3980.0,3984.0,4.0,1,1,0,FP,False,remote_FP,0.3523868515361033,0.9257215059524615,0.49891238758062617,-0.04219166189432144,-0.04219166189432144,T8-P8|CZ-PZ|P7-O1|F3-C3|T7-P7
chb15,5,4220.0,4264.0,44.0,11,11,0,FP,False,remote_FP,0.3259836529336837,0.9391730247725463,0.4882340606798698,1.0094558000564575,3.4200873374938965,T7-P7|FP2-F4|CZ-PZ|C4-P4|F7-T7
chb15,6,4360.0,4364.0,4.0,1,1,0,FP,False,remote_FP,0.35592706311425926,0.9260189297073043,0.5320852129691542,0.20832198858261108,0.20832198858261108,C3-P3|P8-O2|FP1-F3|FP2-F4|FP1-F7
chb15,7,4480.0,4564.0,84.0,21,21,0,FP,False,remote_FP,0.4193767970343636,0.8982676657623508,0.5594302253562069,-0.28606951236724854,2.36575984954834,F3-C3|F7-T7|P4-O2|FP1-F3|P8-O2
chb15,8,6140.0,6204.0,64.0,16,16,0,FP,False,remote_FP,0.40348180436911507,0.9028815519444087,0.5430017509350951,2.477092981338501,6.33147668838501,FP1-F7|P3-O1|P8-O2|F7-T7|FP2-F8
chb15,9,9560.0,9564.0,4.0,1,1,0,FP,False,remote_FP,0.26432964232597267,0.9602619150697962,0.43400225705303075,2.0568935871124268,2.0568935871124268,P3-O1|F3-C3|FP1-F3|F8-T8|FZ-CZ
chb15,10,9860.0,9864.0,4.0,1,1,0,FP,False,remote_FP,0.3537706861644456,0.9238102611453096,0.5012815485289526,2.5647082328796387,2.5647082328796387,FZ-CZ|C4-P4|F4-C4|P8-O2|F7-T7
chb15,11,10720.0,10804.0,84.0,21,21,0,FP,False,remote_FP,0.42901861075184633,0.8891258720282329,0.5538039918215294,1.4103505611419678,5.145737171173096,CZ-PZ|C4-P4|FP2-F4|F4-C4|FP1-F3
chb15,12,12520.0,12524.0,4.0,1,1,0,FP,False,remote_FP,0.465297135546362,0.8756109342396203,0.6399295860534009,0.6384571194648743,0.6384571194648743,C4-P4|FP1-F3|C3-P3|CZ-PZ|FP2-F4
chb15,13,14540.0,14664.0,124.0,31,31,0,FP,False,remote_FP,0.3196409389912287,0.9389064785193211,0.47496054614135264,2.793391227722168,5.569124221801758,FZ-CZ|F4-C4|FP2-F4|F8-T8|CZ-PZ
chb15,14,15900.0,16044.0,144.0,36,36,0,FP,False,remote_FP,0.34440452976278535,0.9239126311605133,0.469858342341141,0.3389382064342499,3.9113919734954834,CZ-PZ|F3-C3|FZ-CZ|F4-C4|C4-P4
chb15,15,17500.0,17504.0,4.0,1,1,0,FP,False,remote_FP,0.3903670500332346,0.911941694446594,0.5481023684357784,2.2736127376556396,2.2736127376556396,C4-P4|FZ-CZ|T8-P8|F4-C4|P8-O2
chb15,16,17680.0,17684.0,4.0,1,1,0,FP,False,remote_FP,0.41534431488313417,0.8990098690811156,0.5686954479893647,-0.9592108130455017,-0.9592108130455017,FP2-F8|F7-T7|T8-P8|F8-T8|FP1-F7
chb15,17,18080.0,18084.0,4.0,1,1,0,FP,True,near_miss_FP,0.4476151895115188,0.8801957305788691,0.5720168074481076,0.20472563803195953,0.20472563803195953,T8-P8|FP1-F7|P3-O1|T7-P7|F8-T8
chb15,18,18260.0,18264.0,4.0,1,1,1,TP,False,TP,0.4615571546049191,0.8707307089195346,0.591374076831686,0.9125237464904785,0.9125237464904785,C4-P4|C3-P3|F7-T7|P8-O2|F8-T8
chb15,20,24540.0,24544.0,4.0,1,1,0,FP,False,remote_FP,0.30646927495914755,0.944830985773019,0.46284169947853576,-0.9199255108833313,-0.9199255108833313,T7-P7|F3-C3|FP1-F7|P8-O2|C3-P3
chb15,21,27920.0,28004.0,84.0,21,21,0,FP,False,remote_FP,0.28491992647268205,0.9498242994981042,0.45261762077682516,0.7693845629692078,3.5904719829559326,F3-C3|T7-P7|F8-T8|FZ-CZ|F4-C4
chb15,22,28840.0,28844.0,4.0,1,1,0,FP,False,remote_FP,0.3826297285407536,0.9078107990245552,0.4972854776909344,-1.0577542781829834,-1.0577542781829834,P8-O2|T7-P7|P4-O2|P3-O1|P7-O1
chb15,23,29460.0,29544.0,84.0,21,21,0,FP,False,remote_FP,0.3020456546278045,0.9453962497819339,0.4719689737790484,1.617200255393982,6.060065746307373,F7-T7|FP2-F8|T7-P7|C3-P3|FZ-CZ
chb15,24,31560.0,31564.0,4.0,1,1,0,FP,False,remote_FP,0.39398794374647084,0.9090190510863615,0.5276308464274726,-0.09986162930727005,-0.09986162930727005,F7-T7|FP2-F8|FP2-F4|P3-O1|C4-P4
chb15,25,32860.0,32864.0,4.0,1,1,0,FP,False,remote_FP,0.24372920222234784,0.9665469092563265,0.4373820437572705,-0.4585597515106201,-0.4585597515106201,T8-P8|FP1-F7|P8-O2|F3-C3|P7-O1
chb15,26,33020.0,33024.0,4.0,1,1,0,FP,False,remote_FP,0.4389348338050161,0.8749391874096503,0.584286268766857,1.7480700016021729,1.7480700016021729,F3-C3|FZ-CZ|P3-O1|C4-P4|FP2-F8
chb15,27,33220.0,33284.0,64.0,16,16,0,FP,True,near_miss_FP,0.4089582155935605,0.9037093052522658,0.5818317552553476,1.436776041984558,4.757877826690674,FP1-F7|FP2-F8|P4-O2|FP1-F3|F4-C4
chb15,28,33480.0,33484.0,4.0,1,1,1,TP,False,TP,0.3253682841256016,0.9344202991585416,0.486379696445722,2.4281933307647705,2.4281933307647705,FP1-F7|F8-T8|F4-C4|T7-P7|P7-O1
chb15,29,37840.0,37844.0,4.0,1,1,0,FP,False,remote_FP,0.3345013663708776,0.9361172562996579,0.48607685047470045,-1.0680285692214966,-1.0680285692214966,P8-O2|CZ-PZ|T8-P8|P7-O1|C3-P3
chb15,30,38940.0,38944.0,4.0,1,1,0,FP,False,remote_FP,0.37422146852474114,0.9179817203229285,0.5124014397028581,1.4377251863479614,1.4377251863479614,F4-C4|FZ-CZ|C4-P4|F8-T8|FP2-F4
chb15,31,39500.0,39504.0,4.0,1,1,0,FP,False,remote_FP,0.3154396724665398,0.9380976625010832,0.46612997351280344,0.5523171424865723,0.5523171424865723,FP2-F4|P3-O1|FP1-F7|C3-P3|P8-O2
chb15,32,41080.0,41084.0,4.0,1,1,0,FP,False,remote_FP,0.31205304701085335,0.9375522780793424,0.4653574651244809,0.28464895486831665,0.28464895486831665,FP2-F8|FP2-F4|P8-O2|F4-C4|F3-C3
chb15,33,41700.0,41704.0,4.0,1,1,0,FP,False,remote_FP,0.27694895276166953,0.9547222553637051,0.4359731590569426,-0.9864347577095032,-0.9864347577095032,FP2-F4|T7-P7|FP2-F8|FP1-F3|C4-P4
chb15,34,42720.0,42724.0,4.0,1,1,0,FP,False,remote_FP,0.2719069728604391,0.9493057468768881,0.43770609008928946,-0.6475568413734436,-0.6475568413734436,P4-O2|P3-O1|FZ-CZ|F7-T7|C3-P3
chb15,35,42840.0,42844.0,4.0,1,1,0,FP,False,remote_FP,0.28459887814588747,0.9530358477583986,0.4441207377966121,-1.5422438383102417,-1.5422438383102417,C4-P4|F7-T7|FP2-F4|FZ-CZ|P7-O1
chb15,36,43280.0,43284.0,4.0,1,1,0,FP,False,remote_FP,0.3753891377942917,0.9200841524000123,0.5378234345828747,0.8178879618644714,0.8178879618644714,C4-P4|P8-O2|FP1-F7|FP2-F8|CZ-PZ
chb15,37,44240.0,44244.0,4.0,1,1,0,FP,False,remote_FP,0.39986216538574126,0.9052922739871322,0.5818901686292844,0.06313825398683548,0.06313825398683548,T8-P8|P4-O2|F4-C4|P7-O1|F7-T7
chb15,38,44340.0,44344.0,4.0,1,1,0,FP,False,remote_FP,0.3401299298637752,0.9344795232827993,0.4936718071898392,-1.5536211729049683,-1.5536211729049683,C4-P4|F3-C3|T8-P8|FP1-F3|FP2-F8
chb15,39,45040.0,45044.0,4.0,1,1,0,FP,False,remote_FP,0.3541824054682239,0.9248486032846932,0.5035442062785952,-0.6696463823318481,-0.6696463823318481,T7-P7|C3-P3|CZ-PZ|F4-C4|FP2-F4
chb15,40,48620.0,48624.0,4.0,1,1,0,FP,False,remote_FP,0.3918783497509368,0.9084289012979345,0.5497741039967909,0.8824969530105591,0.8824969530105591,P3-O1|FP2-F8|C3-P3|F3-C3|F8-T8
chb15,41,49360.0,49364.0,4.0,1,1,0,FP,False,remote_FP,0.3879551608782592,0.9103487383195414,0.5138901263686546,1.2440217733383179,1.2440217733383179,P3-O1|F7-T7|F3-C3|P4-O2|C4-P4
chb15,42,49600.0,49604.0,4.0,1,1,0,FP,False,remote_FP,0.4538217281018746,0.8786472507133029,0.5757693372512747,-0.4097634553909302,-0.4097634553909302,FZ-CZ|F8-T8|P3-O1|F4-C4|FP2-F8
chb15,43,51000.0,51004.0,4.0,1,1,0,FP,False,remote_FP,0.4472271991803487,0.8779005362505682,0.5695393094434011,0.5177309513092041,0.5177309513092041,F3-C3|FP2-F8|P3-O1|FZ-CZ|CZ-PZ
chb15,44,52080.0,52144.0,64.0,16,16,1,TP,False,TP,0.32724277753781594,0.9404206346224684,0.48380555072033327,3.115422248840332,8.988723754882812,P7-O1|FP1-F7|F7-T7|F8-T8|C3-P3
chb15,45,54980.0,54984.0,4.0,1,1,0,FP,False,remote_FP,0.4013845483397629,0.9091923267875298,0.5817497400933036,2.4857735633850098,2.4857735633850098,P8-O2|F7-T7|F3-C3|C3-P3|FZ-CZ
chb15,46,57580.0,57584.0,4.0,1,1,0,FP,False,remote_FP,0.3234108318692974,0.9413316948063586,0.49897508885446357,-0.7119479775428772,-0.7119479775428772,FP2-F8|FP1-F3|F8-T8|F7-T7|FP2-F4
chb15,47,61320.0,61324.0,4.0,1,1,0,FP,False,remote_FP,0.37447132937640903,0.912975270659797,0.504020613982333,-0.9171528816223145,-0.9171528816223145,P3-O1|T7-P7|FP1-F7|F8-T8|F4-C4
chb15,48,61980.0,62064.0,84.0,21,21,0,FP,False,remote_FP,0.4425247231435385,0.8867898991012939,0.6107502270253661,1.2522722482681274,4.918798446655273,F4-C4|F3-C3|FZ-CZ|CZ-PZ|FP1-F3
chb15,49,62980.0,62984.0,4.0,1,1,0,FP,False,remote_FP,0.3480849851697563,0.9300353920966942,0.5039175212553959,0.29727357625961304,0.29727357625961304,C4-P4|P3-O1|P7-O1|F7-T7|T7-P7
chb15,50,65420.0,65484.0,64.0,16,11,1,TP,False,TP,0.36378605489341576,0.9183913688851878,0.5361884666939545,3.941342830657959,16.827646255493164,T7-P7|P3-O1|FP1-F7|C3-P3|T8-P8
chb15,51,69240.0,69304.0,64.0,16,16,1,TP,False,TP,0.4268798264073166,0.891250896784475,0.5483329253834255,3.5310120582580566,12.090828895568848,C3-P3|FP1-F7|F8-T8|FP2-F8|F7-T7
chb15,53,72060.0,72064.0,4.0,1,1,0,FP,False,remote_FP,0.38630113166254,0.9143492428021744,0.5599585471629042,1.3372727632522583,1.3372727632522583,C3-P3|F7-T7|CZ-PZ|P4-O2|FP2-F4
chb15,54,72300.0,72304.0,4.0,1,1,0,FP,False,remote_FP,0.4310703630173307,0.8955702932061199,0.5855212090070272,-0.4583294689655304,-0.4583294689655304,FP1-F3|F4-C4|C3-P3|T7-P7|FP2-F8
chb15,55,72760.0,72764.0,4.0,1,1,0,FP,False,remote_FP,0.4516622196866298,0.8798444421784021,0.6140566522175982,1.02822744846344,1.02822744846344,FP1-F7|F8-T8|T8-P8|F7-T7|T7-P7
chb15,56,76480.0,76684.0,204.0,51,47,1,TP,False,TP,0.3006084628365602,0.9436700819449994,0.4406149650840147,2.046452283859253,9.077484130859375,P7-O1|F7-T7|P8-O2|FP1-F7|C3-P3
chb15,57,79740.0,79744.0,4.0,1,1,0,FP,False,remote_FP,0.36261777938466944,0.9259634821167606,0.5106514255252709,-1.140665888786316,-1.140665888786316,FP2-F4|T7-P7|FP1-F3|T8-P8|FP1-F7
chb15,58,79880.0,79944.0,64.0,16,16,0,FP,False,remote_FP,0.36846865790216743,0.9214000316041628,0.5181118393916683,1.204685926437378,4.619653224945068,P7-O1|T7-P7|FP1-F7|FP2-F8|F4-C4
chb15,59,80460.0,80464.0,4.0,1,1,0,FP,False,remote_FP,0.36707544731030306,0.9224920218566681,0.5261179350868236,-1.0076208114624023,-1.0076208114624023,F3-C3|T8-P8|C4-P4|P7-O1|FP2-F8
chb15,60,81260.0,81264.0,4.0,1,1,0,FP,False,remote_FP,0.3700820217770613,0.9187364330384774,0.5340046657919709,-0.19014474749565125,-0.19014474749565125,F7-T7|FP1-F3|FP2-F8|C3-P3|F3-C3
chb15,61,82060.0,82064.0,4.0,1,1,0,FP,False,remote_FP,0.5152826822335463,0.8428483433368347,0.6725104665271716,1.8752161264419556,1.8752161264419556,C4-P4|T8-P8|P4-O2|P7-O1|F3-C3
chb15,62,83340.0,83344.0,4.0,1,1,0,FP,False,remote_FP,0.33732714056550117,0.9312607981815421,0.49751008815789344,0.0770031288266182,0.0770031288266182,P3-O1|CZ-PZ|T7-P7|F8-T8|T8-P8
chb15,63,83700.0,83704.0,4.0,1,1,0,FP,False,remote_FP,0.38372222113969223,0.9139778741153678,0.5363503531527062,-0.5741662383079529,-0.5741662383079529,F8-T8|P3-O1|T7-P7|T8-P8|FZ-CZ
chb15,64,84360.0,84364.0,4.0,1,1,0,FP,False,remote_FP,0.4263243956492935,0.8919916323112378,0.5778180658708263,1.1637804508209229,1.1637804508209229,CZ-PZ|F7-T7|P8-O2|P4-O2|T8-P8
chb15,65,85320.0,85324.0,4.0,1,1,0,FP,False,remote_FP,0.4612482689997819,0.8713764974394927,0.6009349590725855,0.1886635571718216,0.1886635571718216,F8-T8|C4-P4|FP2-F8|F3-C3|T7-P7
chb15,66,85920.0,85924.0,4.0,1,1,0,FP,False,remote_FP,0.4505570522055551,0.8733736730614808,0.5780342118050439,1.2129958868026733,1.2129958868026733,F7-T7|P3-O1|P7-O1|F8-T8|C3-P3
chb15,68,105220.0,105304.0,84.0,21,16,1,TP,False,TP,0.4016871758388403,0.908822875473491,0.5582486167831769,1.745198369026184,9.78232192993164,P3-O1|T7-P7|C3-P3|FP1-F7|P7-O1
chb15,70,107760.0,107824.0,64.0,16,16,1,TP,False,TP,0.3733805770751777,0.9221279793948259,0.5659512737887543,2.2589468955993652,5.383433818817139,T7-P7|FP1-F7|P3-O1|P7-O1|C3-P3
chb15,73,116320.0,116484.0,164.0,41,32,1,TP,False,TP,0.34606409027001006,0.9292890986641917,0.49817484663286826,2.279972791671753,5.70422887802124,F7-T7|FP1-F7|FP2-F8|FP1-F3|P4-O2
chb15,74,126780.0,126884.0,104.0,26,19,1,TP,False,TP,0.35562955751927783,0.915192444624818,0.48585299132866827,2.3318581581115723,5.107770919799805,F8-T8|F7-T7|FP1-F7|T8-P8|FP2-F8
chb15,75,129900.0,129964.0,64.0,16,13,1,TP,False,TP,0.39153425725560353,0.9034906110657356,0.5402095138030247,2.453749179840088,9.1128511428833,P3-O1|T7-P7|F3-C3|FP2-F8|FP1-F3
chb15,76,130460.0,130564.0,104.0,26,23,1,TP,False,TP,0.4817436431439819,0.8503939150768624,0.5878430450659193,2.998608112335205,6.682860851287842,P3-O1|P4-O2|T8-P8|C4-P4|F3-C3
chb15,78,131160.0,131244.0,84.0,21,17,1,TP,False,TP,0.46635734580781785,0.86644870900925,0.5788282460055296,2.8924989700317383,9.866243362426758,P3-O1|P4-O2|F3-C3|FP2-F4|T8-P8
chb15,79,131820.0,131904.0,84.0,21,16,1,TP,False,TP,0.29802796336371595,0.9439634335944854,0.464530739561865,2.0053277015686035,5.728057384490967,P3-O1|T7-P7|FP1-F7|FP2-F4|FP1-F3
chb15,80,133040.0,133104.0,64.0,16,8,1,TP,False,TP,0.2640455398927526,0.9611220807051922,0.4432799235254916,2.081146717071533,5.521097660064697,P4-O2|P3-O1|F7-T7|P7-O1|FP2-F8
chb15,81,137580.0,137584.0,4.0,1,1,1,TP,False,TP,0.29703252211960507,0.9393663633265575,0.4577540907856369,1.2320653200149536,1.2320653200149536,T7-P7|P8-O2|FP2-F8|P4-O2|CZ-PZ
chb16,0,180.0,184.0,4.0,1,1,0,FP,False,remote_FP,0.3493430569415068,0.9291815524994218,0.5103746719656544,-1.0273680686950684,-1.0273680686950684,FP1-F3|T8-P8|F7-T7|FZ-CZ|FP1-F7
chb16,1,420.0,424.0,4.0,1,1,0,FP,False,remote_FP,0.29424652470087165,0.9468165543641652,0.46819719050988673,0.21342353522777557,0.21342353522777557,FP1-F3|FP2-F8|P8-O2|P4-O2|T8-P8
chb16,2,1000.0,1004.0,4.0,1,1,0,FP,False,remote_FP,0.3837285727210815,0.9035239837479396,0.53532515302115,3.2824041843414307,3.2824041843414307,C3-P3|T7-P7|C4-P4|F8-T8|FP1-F7
chb16,3,2120.0,2124.0,4.0,1,1,0,FP,False,remote_FP,0.35684377361428576,0.9267536175696068,0.5049546863513366,2.204094886779785,2.204094886779785,P3-O1|P4-O2|FP1-F7|FP1-F3|FP2-F8
chb16,4,2940.0,2944.0,4.0,1,1,0,FP,False,remote_FP,0.5335510350188779,0.8168237902750463,0.6868505560172224,3.420548439025879,3.420548439025879,F8-T8|FP2-F8|T7-P7|T8-P8|CZ-PZ
chb16,5,3960.0,3964.0,4.0,1,1,0,FP,False,remote_FP,0.400751177213307,0.9074097119468204,0.5610061656854077,2.325317859649658,2.325317859649658,FP1-F3|FP2-F4|P8-O2|C3-P3|F3-C3
chb16,6,4300.0,4384.0,84.0,21,21,0,FP,False,remote_FP,0.4867019474808447,0.8600451049517562,0.620413098219551,0.4604873061180115,3.5067245960235596,T7-P7|CZ-PZ|F4-C4|F3-C3|C3-P3
chb16,7,4580.0,4584.0,4.0,1,1,0,FP,False,remote_FP,0.33053395625545123,0.9353758466526993,0.5049934212698374,1.2400250434875488,1.2400250434875488,FP1-F3|P3-O1|T7-P7|FP2-F4|FZ-CZ
chb16,8,4740.0,4744.0,4.0,1,1,0,FP,False,remote_FP,0.298151146344531,0.9492307571277607,0.46400339296081405,-1.291035771369934,-1.291035771369934,FP1-F3|FP2-F8|F7-T7|F8-T8|FP2-F4
chb16,9,4960.0,4964.0,4.0,1,1,0,FP,False,remote_FP,0.3009109178815388,0.9454986144815721,0.45708946556968166,-0.6374310255050659,-0.6374310255050659,FP1-F3|FP2-F8|C3-P3|C4-P4|FZ-CZ
chb16,10,9520.0,9524.0,4.0,1,1,0,FP,False,remote_FP,0.442880223300123,0.8866230341307187,0.5731753882264263,0.15755045413970947,0.15755045413970947,T7-P7|F8-T8|C4-P4|P3-O1|P8-O2
chb16,11,11920.0,11984.0,64.0,16,16,0,FP,False,remote_FP,0.39250512111168234,0.9093560674498579,0.525187120333208,2.5414481163024902,8.903305053710938,C4-P4|C3-P3|P8-O2|P7-O1|F8-T8
chb16,12,12380.0,12384.0,4.0,1,1,0,FP,False,remote_FP,0.5178162047365853,0.8432920885566314,0.6444155879586364,0.28040316700935364,0.28040316700935364,P7-O1|T7-P7|P4-O2|P8-O2|C4-P4
chb16,13,12640.0,12644.0,4.0,1,1,0,FP,False,remote_FP,0.4384932233608032,0.8838158660649374,0.582682257483244,-0.3439713716506958,-0.3439713716506958,P7-O1|CZ-PZ|F8-T8|P3-O1|FZ-CZ
chb16,14,14380.0,14384.0,4.0,1,1,0,FP,False,remote_FP,0.336364191520492,0.9267146669711018,0.4667818381728207,0.4502860903739929,0.4502860903739929,FP1-F7|C3-P3|P8-O2|FZ-CZ|P3-O1
chb16,15,14840.0,14924.0,84.0,21,21,0,FP,False,remote_FP,0.3725771674169054,0.9196426633985427,0.5385906896159126,2.896998643875122,6.948588848114014,FP2-F4|F8-T8|P4-O2|FP1-F7|FP1-F3
chb16,16,15560.0,15564.0,4.0,1,1,0,FP,False,remote_FP,0.41436957545127107,0.8979389595418371,0.5776911204332005,-0.8943960666656494,-0.8943960666656494,F8-T8|P7-O1|P3-O1|FZ-CZ|C3-P3
chb16,17,16860.0,16924.0,64.0,16,16,0,FP,False,remote_FP,0.4128352061757399,0.8936628237846002,0.5376560541743902,1.6601310968399048,6.234221458435059,F4-C4|F3-C3|P3-O1|C3-P3|FZ-CZ
chb16,18,17880.0,17964.0,84.0,21,21,0,FP,False,remote_FP,0.3357658350808119,0.9365418265301401,0.4903892311568536,1.8498576879501343,8.056724548339844,C3-P3|F4-C4|F3-C3|F8-T8|P3-O1
chb16,19,20920.0,20924.0,4.0,1,1,0,FP,False,remote_FP,0.34016328023506825,0.9351520561991097,0.5059672659537428,-1.0494924783706665,-1.0494924783706665,P8-O2|F7-T7|C4-P4|FZ-CZ|CZ-PZ
chb16,20,21660.0,21664.0,4.0,1,1,0,FP,False,remote_FP,0.4623357416854301,0.8752914692491245,0.6036488572328801,0.1624654084444046,0.1624654084444046,F7-T7|F8-T8|T8-P8|FP2-F8|FZ-CZ
chb16,21,22100.0,22184.0,84.0,21,21,0,FP,False,remote_FP,0.347477543657545,0.9285030387481431,0.4907549416513211,1.3022252321243286,6.566169261932373,FP2-F4|F3-C3|FP1-F3|CZ-PZ|F4-C4
chb16,22,23680.0,23744.0,64.0,16,16,0,FP,False,remote_FP,0.4936747601521365,0.8527012505373894,0.6244758885793553,2.2673163414001465,8.395670890808105,T8-P8|T7-P7|FP2-F8|F8-T8|P8-O2
chb16,23,24460.0,24464.0,4.0,1,1,0,FP,False,remote_FP,0.3474011966966346,0.9286366932319874,0.5127232477128176,0.06543837487697601,0.06543837487697601,T8-P8|P3-O1|FP2-F8|T7-P7|FZ-CZ
chb16,27,63080.0,63164.0,84.0,21,2,1,TP,False,TP,0.3754674508047724,0.9110984930407844,0.49461028513932365,1.7524060010910034,10.498513221740723,P4-O2|FZ-CZ|F3-C3|C3-P3|P3-O1
chb17,0,200.0,204.0,4.0,1,1,0,FP,False,remote_FP,0.4130526547275235,0.901813803825153,0.559626631837264,4.533951282501221,4.533951282501221,C3-P3|T7-P7|P3-O1|FZ-CZ|F4-C4
chb17,1,400.0,404.0,4.0,1,1,0,FP,False,remote_FP,0.29512702750123987,0.948224335731491,0.44943735861928596,0.7732220888137817,0.7732220888137817,CZ-PZ|P4-O2|F4-C4|C4-P4|FP2-F4
chb17,2,2240.0,2424.0,184.0,46,33,1,TP,False,TP,0.43360240780376524,0.8923685584880658,0.5911876103147663,4.9047136306762695,171.1541748046875,T7-P7|P4-O2|C4-P4|CZ-PZ|P3-O1
chb17,3,3620.0,3624.0,4.0,1,1,0,FP,False,remote_FP,0.490239559886392,0.8531323424918282,0.6461760875184562,0.4994550347328186,0.4994550347328186,FP1-F3|FP2-F4|FP1-F7|P8-O2|T7-P7
chb17,4,4020.0,4024.0,4.0,1,1,0,FP,False,remote_FP,0.35419667849280945,0.9300142346419584,0.5160999655443281,1.7009776830673218,1.7009776830673218,P4-O2|F4-C4|FZ-CZ|FP2-F4|T8-P8
chb17,5,4320.0,4324.0,4.0,1,1,0,FP,False,remote_FP,0.3313585243942836,0.9345317082748364,0.47925574678483934,1.3839761018753052,1.3839761018753052,FP2-F8|CZ-PZ|F3-C3|P3-O1|FZ-CZ
chb17,6,4960.0,5024.0,64.0,16,16,0,FP,False,remote_FP,0.43798584916833083,0.8890289631033359,0.5860014725155581,0.2934236228466034,2.0019121170043945,F7-T7|C4-P4|P7-O1|F3-C3|CZ-PZ
chb17,7,5180.0,5184.0,4.0,1,1,0,FP,False,remote_FP,0.45499706437450005,0.8680337295889178,0.5612633561626,-0.28607457876205444,-0.28607457876205444,F7-T7|FP1-F7|FZ-CZ|P8-O2|P3-O1
chb17,8,5540.0,5544.0,4.0,1,1,0,FP,False,remote_FP,0.48999517109841717,0.8594931976579202,0.6295097058824339,-0.146830752491951,-0.146830752491951,P3-O1|T8-P8|FZ-CZ|T7-P7|F3-C3
chb17,9,5820.0,5824.0,4.0,1,1,0,FP,False,remote_FP,0.4155976907542438,0.9014858568502603,0.5527521349046186,-0.3189815282821655,-0.3189815282821655,F7-T7|F4-C4|FP1-F7|FP1-F3|C3-P3
chb17,10,6620.0,6624.0,4.0,1,1,1,TP,False,TP,0.4276433469126857,0.8919240830805583,0.5665093294018491,0.2992398142814636,0.2992398142814636,T8-P8|F7-T7|CZ-PZ|FP2-F8|T7-P7
chb17,12,7200.0,7204.0,4.0,1,1,0,FP,False,remote_FP,0.4845851553631997,0.8635428548539903,0.6137624520804277,-1.1255321502685547,-1.1255321502685547,P8-O2|P3-O1|F4-C4|P4-O2|P7-O1
chb17,13,7400.0,7464.0,64.0,16,16,0,FP,False,remote_FP,0.35612036376772993,0.9197444106437198,0.4823538264464347,1.1002451181411743,4.543608665466309,CZ-PZ|F4-C4|P3-O1|P8-O2|F7-T7
chb17,14,9260.0,9264.0,4.0,1,1,0,FP,False,remote_FP,0.4602676999113777,0.8669081534566301,0.5642743004841921,1.6769096851348877,1.6769096851348877,P8-O2|C3-P3|F8-T8|T8-P8|F4-C4
chb17,15,13040.0,13124.0,84.0,21,21,0,FP,False,remote_FP,0.4381156495228147,0.8894891671818482,0.5927633944264608,0.5650910139083862,3.904224157333374,F4-C4|F7-T7|FP2-F8|F8-T8|P3-O1
chb17,16,13920.0,13924.0,4.0,1,1,0,FP,False,remote_FP,0.3704280472187893,0.921404056052725,0.5103229732677297,-0.19049163162708282,-0.19049163162708282,FP1-F3|P3-O1|C4-P4|C3-P3|P7-O1
chb17,17,16000.0,16004.0,4.0,1,1,0,FP,False,remote_FP,0.37789819521239454,0.9141496442496074,0.5075644252542715,-0.5669999718666077,-0.5669999718666077,FP1-F7|P3-O1|CZ-PZ|FP1-F3|FP2-F4
chb17,18,17940.0,18004.0,64.0,16,16,0,FP,False,remote_FP,0.3872495988258897,0.9146369941103452,0.550062098979413,-0.25933319330215454,0.7191130518913269,F3-C3|T8-P8|F4-C4|FZ-CZ|T7-P7
chb17,19,18240.0,18304.0,64.0,16,16,0,FP,False,remote_FP,0.39784186605829497,0.9056639944686553,0.538170950960516,1.846060872077942,4.08407735824585,T7-P7|F7-T7|P7-O1|C3-P3|P3-O1
chb17,20,18620.0,18684.0,64.0,16,16,0,FP,False,remote_FP,0.3082447402683961,0.9471512859135769,0.4792338773863723,1.134871244430542,4.56764554977417,T7-P7|FP2-F4|P3-O1|CZ-PZ|FZ-CZ
chb17,21,20480.0,20484.0,4.0,1,1,0,FP,False,remote_FP,0.32974814427158994,0.9401545943148908,0.48916413185633917,1.5675722360610962,1.5675722360610962,F4-C4|FZ-CZ|F7-T7|F3-C3|P7-O1
chb17,22,20600.0,20604.0,4.0,1,1,0,FP,False,remote_FP,0.2867388949775511,0.9508053668582442,0.44582665554629547,0.3363177478313446,0.3363177478313446,FP1-F3|FP2-F4|P8-O2|C4-P4|FP2-F8
chb17,23,20820.0,20944.0,124.0,31,31,0,FP,False,remote_FP,0.20720575951592002,0.9433679413885648,0.36370011613224923,61.948631286621094,171.15420532226562,P4-O2|P3-O1|F8-T8|P8-O2|CZ-PZ
chb17,24,22940.0,23024.0,84.0,21,21,0,FP,False,remote_FP,0.20444616287745454,0.9442302930283993,0.36304893302232416,81.4752426147461,171.15420532226562,P4-O2|F8-T8|P3-O1|FZ-CZ|P8-O2
chb17,25,25040.0,25044.0,4.0,1,1,0,FP,False,remote_FP,0.29770665897292536,0.9440282524862164,0.44931391285992495,-0.30481645464897156,-0.30481645464897156,FZ-CZ|F4-C4|P8-O2|C4-P4|F3-C3
chb17,26,30840.0,30844.0,4.0,1,1,0,FP,False,remote_FP,0.34310376156024747,0.9270863192979103,0.49490871663441804,-0.25289076566696167,-0.25289076566696167,FP1-F3|CZ-PZ|C3-P3|P7-O1|C4-P4
chb17,27,36040.0,36044.0,4.0,1,1,0,FP,False,remote_FP,0.3036989060350008,0.9430393615627528,0.4970524662315843,1.697941541671753,1.697941541671753,P7-O1|F3-C3|F7-T7|C3-P3|T7-P7
chb17,28,37500.0,37504.0,4.0,1,1,0,FP,False,remote_FP,0.5039118372265863,0.8403764658003159,0.6352945185064424,0.5518555641174316,0.5518555641174316,P4-O2|FZ-CZ|F4-C4|P8-O2|FP2-F8
chb17,29,37640.0,37644.0,4.0,1,1,0,FP,False,remote_FP,0.4589023084497499,0.8761781126906274,0.6034850058055518,-0.5817976593971252,-0.5817976593971252,T7-P7|P7-O1|CZ-PZ|C4-P4|F7-T7
chb17,30,37820.0,37824.0,4.0,1,1,0,FP,False,remote_FP,0.3775080736943204,0.9114477970237872,0.5066907254010442,-1.0651917457580566,-1.0651917457580566,C3-P3|F8-T8|P3-O1|C4-P4|CZ-PZ
chb17,31,37940.0,37944.0,4.0,1,1,0,FP,False,remote_FP,0.3866870468924133,0.9074721201317245,0.512009351408402,1.0872019529342651,1.0872019529342651,T8-P8|F8-T8|T7-P7|P7-O1|F3-C3
chb17,32,38620.0,38684.0,64.0,16,16,0,FP,False,remote_FP,0.30621246871305696,0.9440476101351744,0.46171854619202113,1.6338350772857666,12.945314407348633,F7-T7|FZ-CZ|F4-C4|F8-T8|CZ-PZ
chb18,0,500.0,584.0,84.0,21,21,0,FP,False,remote_FP,0.38809877276529114,0.9067266403442147,0.5316452755553047,1.0636013746261597,5.614226341247559,T8-P8|P8-O2|FP2-F8|P4-O2|FP1-F7
chb18,1,780.0,784.0,4.0,1,1,0,FP,False,remote_FP,0.3114006631147068,0.9406468254406399,0.46078072013798554,-0.7597718238830566,-0.7597718238830566,FP1-F3|F8-T8|FP2-F4|C4-P4|CZ-PZ
chb18,2,1900.0,1904.0,4.0,1,1,0,FP,False,remote_FP,0.4481893215359871,0.8841925268281826,0.6222189597686236,0.1937485635280609,0.1937485635280609,FP1-F7|C3-P3|F8-T8|FP1-F3|F4-C4
chb18,3,2120.0,2124.0,4.0,1,1,0,FP,False,remote_FP,0.25750870251189806,0.9640517817478472,0.45113890509981386,0.998104989528656,0.998104989528656,F8-T8|CZ-PZ|F4-C4|P7-O1|P3-O1
chb18,4,2460.0,2464.0,4.0,1,1,0,FP,False,remote_FP,0.4073512899044296,0.8983306528347828,0.5432105825622158,-0.4412488639354706,-0.4412488639354706,T7-P7|F4-C4|P8-O2|FP2-F8|F3-C3
chb18,5,2700.0,2704.0,4.0,1,1,0,FP,False,remote_FP,0.4114773708611381,0.901782330753405,0.580342148626579,0.7411035895347595,0.7411035895347595,P3-O1|P7-O1|FZ-CZ|F3-C3|FP2-F4
chb18,6,4480.0,4564.0,84.0,21,21,0,FP,False,remote_FP,0.3551434192836189,0.9241930561888938,0.5046812331974919,-0.14452192187309265,1.6588587760925293,FZ-CZ|F4-C4|C4-P4|CZ-PZ|F3-C3
chb18,7,5540.0,5544.0,4.0,1,1,0,FP,False,remote_FP,0.44172885690521,0.8834080185013512,0.5579808519418381,-0.39108455181121826,-0.39108455181121826,FP1-F7|FP2-F8|C4-P4|P7-O1|FP2-F4
chb18,8,5800.0,5804.0,4.0,1,1,0,FP,False,remote_FP,0.3685513679250767,0.9155219565985854,0.49099821116576536,0.43249261379241943,0.43249261379241943,P8-O2|FZ-CZ|FP2-F4|F4-C4|P7-O1
chb18,9,6260.0,6264.0,4.0,1,1,0,FP,False,remote_FP,0.3402328673697119,0.9332751259596157,0.5095657714537913,1.2461963891983032,1.2461963891983032,P8-O2|P4-O2|FP2-F8|FP1-F7|FP2-F4
chb18,10,6580.0,6664.0,84.0,21,21,0,FP,False,remote_FP,0.4249278073486702,0.8898532522128992,0.568157220303787,-0.3615686893463135,0.8332975506782532,CZ-PZ|F4-C4|FZ-CZ|FP2-F4|FP1-F3
chb18,11,6980.0,7044.0,64.0,16,16,0,FP,False,remote_FP,0.39388422828098735,0.9066071409245717,0.5271696839679464,-0.17307686805725098,2.4986467361450195,F4-C4|FP2-F8|F8-T8|FP2-F4|FP1-F7
chb18,12,7660.0,7664.0,4.0,1,1,0,FP,False,remote_FP,0.31268320707340114,0.9427298877418295,0.5045669257233398,3.3987741470336914,3.3987741470336914,F7-T7|T8-P8|C3-P3|T7-P7|FP2-F4
chb18,13,7940.0,7944.0,4.0,1,1,0,FP,False,remote_FP,0.2603711060852867,0.9538351043498704,0.43643343542542695,0.9942099452018738,0.9942099452018738,FP2-F8|F3-C3|C4-P4|FP1-F7|FZ-CZ
chb18,14,8500.0,8504.0,4.0,1,1,0,FP,False,remote_FP,0.3538646646278929,0.9257069175332628,0.5257146516192819,1.077216625213623,1.077216625213623,F4-C4|F3-C3|P7-O1|T8-P8|F8-T8
chb18,15,10100.0,10104.0,4.0,1,1,0,FP,False,remote_FP,0.39548793183347675,0.9090305995936084,0.5398221613454144,1.146916151046753,1.146916151046753,FP1-F3|CZ-PZ|FP1-F7|FP2-F4|C4-P4
chb18,16,11640.0,11644.0,4.0,1,1,0,FP,False,remote_FP,0.4005718002816485,0.9064318266152417,0.5405590280357121,1.7699147462844849,1.7699147462844849,F3-C3|CZ-PZ|FP2-F4|F4-C4|FP2-F8
chb18,17,12460.0,12464.0,4.0,1,1,0,FP,False,remote_FP,0.3314449700987354,0.9302544353743594,0.4775223870533816,0.11391352117061615,0.11391352117061615,C3-P3|CZ-PZ|FP2-F8|C4-P4|T8-P8
chb18,18,12660.0,12664.0,4.0,1,1,0,FP,False,remote_FP,0.38384654079878544,0.91439333417935,0.5316821038401227,1.2719333171844482,1.2719333171844482,C4-P4|FP1-F3|P8-O2|FP2-F4|P4-O2
chb18,19,13240.0,13244.0,4.0,1,1,0,FP,False,remote_FP,0.3032689249934264,0.9478026885617644,0.48460616081105307,-0.3557474911212921,-0.3557474911212921,CZ-PZ|F3-C3|P4-O2|FP1-F3|C4-P4
chb18,20,13340.0,13344.0,4.0,1,1,0,FP,False,remote_FP,0.2501076023432285,0.9623589894548182,0.4367683138585964,-0.1344166398048401,-0.1344166398048401,P8-O2|FP2-F4|FZ-CZ|FP1-F7|C3-P3
chb18,21,14200.0,14204.0,4.0,1,1,0,FP,False,remote_FP,0.31543496813042626,0.9434869110148273,0.48420866595948914,1.5813606977462769,1.5813606977462769,FP2-F4|F3-C3|P4-O2|C3-P3|FP2-F8
chb18,22,16960.0,16964.0,4.0,1,1,0,FP,False,remote_FP,0.39299261150033304,0.9078159111864659,0.5330425531046175,1.6748300790786743,1.6748300790786743,P3-O1|CZ-PZ|FP2-F8|FP2-F4|FP1-F7
chb18,23,17500.0,17504.0,4.0,1,1,0,FP,False,remote_FP,0.3494621586386626,0.925810674604839,0.5024738257309558,-0.1330285221338272,-0.1330285221338272,P3-O1|F3-C3|P4-O2|FZ-CZ|CZ-PZ
chb18,24,19160.0,19164.0,4.0,1,1,0,FP,False,remote_FP,0.39416166184635726,0.9096798069827376,0.5497744748324475,-0.5478029251098633,-0.5478029251098633,CZ-PZ|F4-C4|P4-O2|P3-O1|P8-O2
chb18,25,20740.0,20744.0,4.0,1,1,0,FP,False,remote_FP,0.48727731964261034,0.8567788859022853,0.6314642752347293,1.8883579969406128,1.8883579969406128,FP1-F3|P4-O2|P3-O1|F3-C3|FZ-CZ
chb18,26,21120.0,21264.0,144.0,36,36,0,FP,False,remote_FP,0.3351406265076422,0.9298130265859614,0.48035569228073466,1.0604205131530762,5.345501899719238,FP2-F8|FP1-F7|C3-P3|C4-P4|F8-T8
chb18,27,22300.0,22304.0,4.0,1,1,0,FP,False,remote_FP,0.39980735050164506,0.907729987348433,0.543289228982183,-0.3365112543106079,-0.3365112543106079,FP1-F7|T7-P7|F7-T7|P8-O2|FP2-F4
chb18,28,23940.0,23944.0,4.0,1,1,0,FP,False,remote_FP,0.38201972306758547,0.9053611987973428,0.5024213701627963,0.20278316736221313,0.20278316736221313,CZ-PZ|F7-T7|FP2-F8|C3-P3|FZ-CZ
chb18,29,24120.0,24124.0,4.0,1,1,0,FP,False,remote_FP,0.23139453444015978,0.9704001580832053,0.41880802597415673,-0.6724716424942017,-0.6724716424942017,P7-O1|F4-C4|FP1-F3|C3-P3|C4-P4
chb18,30,25520.0,25524.0,4.0,1,1,0,FP,False,remote_FP,0.40084124370003527,0.9053069730573796,0.5535413295647184,0.34019073843955994,0.34019073843955994,C4-P4|C3-P3|P4-O2|T8-P8|P8-O2
chb18,31,26700.0,26704.0,4.0,1,1,0,FP,False,remote_FP,0.3722468104658443,0.9173871330751825,0.5166287067902943,-0.14290553331375122,-0.14290553331375122,C3-P3|FP2-F8|F3-C3|F7-T7|FP1-F7
chb18,32,27260.0,27264.0,4.0,1,1,0,FP,False,remote_FP,0.3726977356833905,0.9109991263471726,0.5116531521012329,-1.0865216255187988,-1.0865216255187988,P8-O2|F3-C3|F8-T8|P7-O1|T8-P8
chb18,33,28160.0,28264.0,104.0,26,26,0,FP,False,remote_FP,0.3854591235527278,0.9117673597102077,0.5259227435021868,1.8755991458892822,5.996493816375732,P3-O1|T8-P8|P4-O2|FP2-F8|C4-P4
chb18,34,29280.0,29344.0,64.0,16,16,0,FP,False,remote_FP,0.35990022605366034,0.9233130018502371,0.5194212039390811,1.648138403892517,6.058196067810059,P3-O1|C4-P4|P4-O2|FZ-CZ|FP1-F7
chb18,35,31680.0,31684.0,4.0,1,1,0,FP,False,remote_FP,0.349974175489264,0.9250166376096941,0.49970613937736347,-0.5395170450210571,-0.5395170450210571,P3-O1|F4-C4|F3-C3|FP2-F8|FP2-F4
chb18,36,32200.0,32204.0,4.0,1,1,0,FP,False,remote_FP,0.43320322565481795,0.8794199168792463,0.5852430692230024,2.0029895305633545,2.0029895305633545,P7-O1|FP1-F7|P3-O1|T7-P7|FZ-CZ
chb18,37,32820.0,32824.0,4.0,1,1,0,FP,False,remote_FP,0.4156124496189486,0.9003473992148362,0.5542473980166973,-0.969519853591919,-0.969519853591919,FP1-F3|P8-O2|P4-O2|FP2-F4|FZ-CZ
chb18,38,32960.0,32964.0,4.0,1,1,0,FP,False,remote_FP,0.3269246818240139,0.9373055203691881,0.4739192150878305,0.36828577518463135,0.36828577518463135,C3-P3|C4-P4|CZ-PZ|FZ-CZ|P3-O1
chb18,39,33080.0,33084.0,4.0,1,1,0,FP,False,remote_FP,0.4022196828258011,0.8942146064546226,0.5134795612302033,-0.02494080178439617,-0.02494080178439617,F3-C3|F4-C4|FP2-F4|FZ-CZ|FP1-F3
chb18,40,33940.0,33944.0,4.0,1,1,0,FP,False,remote_FP,0.4305224024486296,0.8913778269562183,0.6232104852518134,-0.9288163185119629,-0.9288163185119629,P8-O2|F3-C3|C3-P3|F8-T8|F4-C4
chb18,41,34580.0,34584.0,4.0,1,1,0,FP,False,remote_FP,0.3723439822583512,0.9098104624326714,0.49682780194367887,0.9897491335868835,0.9897491335868835,P3-O1|CZ-PZ|F4-C4|FP1-F7|F8-T8
chb18,42,35560.0,35564.0,4.0,1,1,0,FP,False,remote_FP,0.3968738073963798,0.9090429364464716,0.5304426624041646,-0.11944057792425156,-0.11944057792425156,FP2-F8|FP1-F7|T8-P8|P8-O2|P3-O1
chb18,43,35820.0,35824.0,4.0,1,1,0,FP,False,remote_FP,0.40931748637247733,0.901251285768462,0.5355955715435021,-0.9760919213294983,-0.9760919213294983,F7-T7|FP1-F3|P8-O2|F4-C4|FP2-F4
chb18,44,36220.0,36304.0,84.0,21,21,0,FP,False,remote_FP,0.40145046924049677,0.9039336907892774,0.536513728980344,1.36958646774292,5.592099666595459,P8-O2|P3-O1|P4-O2|T8-P8|P7-O1
chb18,45,36820.0,36824.0,4.0,1,1,0,FP,False,remote_FP,0.4069090582851844,0.903150886476109,0.5377828606456434,-0.22280320525169373,-0.22280320525169373,FP1-F7|P7-O1|F4-C4|FP2-F8|P8-O2
chb18,46,37200.0,37324.0,124.0,31,31,0,FP,False,remote_FP,0.35602085335916644,0.9203065568424988,0.5026446408005282,1.4540406465530396,4.464661598205566,P7-O1|P8-O2|P3-O1|P4-O2|F3-C3
chb18,47,38180.0,38184.0,4.0,1,1,0,FP,False,remote_FP,0.3043677874142956,0.9485607861216894,0.5020144614040207,-0.5707958340644836,-0.5707958340644836,F4-C4|P4-O2|FP1-F3|FP2-F4|CZ-PZ
chb18,48,43020.0,43104.0,84.0,21,21,0,FP,False,remote_FP,0.42865098084651887,0.8947903376645029,0.5777010754331369,0.8568342328071594,2.9216248989105225,FZ-CZ|C3-P3|FP1-F3|FP2-F4|F4-C4
chb18,49,43300.0,43304.0,4.0,1,1,0,FP,False,remote_FP,0.26757732826641867,0.9563349912911823,0.44173031326592566,0.25681576132774353,0.25681576132774353,F7-T7|FZ-CZ|P8-O2|P3-O1|P4-O2
chb18,50,43960.0,43964.0,4.0,1,1,0,FP,False,remote_FP,0.4373170597259157,0.8897956763094177,0.5864456527089987,-0.19015279412269592,-0.19015279412269592,C3-P3|T8-P8|F4-C4|P7-O1|F7-T7
chb18,51,45040.0,45044.0,4.0,1,1,0,FP,False,remote_FP,0.3308811893839767,0.9228797943644045,0.51174045682036,0.8626269698143005,0.8626269698143005,P7-O1|F7-T7|F4-C4|FZ-CZ|FP1-F3
chb18,52,48600.0,48604.0,4.0,1,1,0,FP,False,remote_FP,0.354293192300533,0.9277711723865875,0.527343302770262,-0.5653116106987,-0.5653116106987,CZ-PZ|P8-O2|FP2-F4|T7-P7|T8-P8
chb18,53,48840.0,48924.0,84.0,21,21,0,FP,False,remote_FP,0.40576586549397176,0.9081687979463233,0.5756943911645352,1.7436118125915527,5.176469326019287,T8-P8|F7-T7|F8-T8|FP1-F7|P8-O2
chb18,54,49420.0,49504.0,84.0,21,21,0,FP,False,remote_FP,0.3508201054446596,0.9285414559746875,0.5035733097741082,1.2906622886657715,3.137981653213501,T8-P8|F8-T8|F7-T7|P8-O2|FP1-F7
chb18,55,49700.0,49704.0,4.0,1,1,0,FP,False,remote_FP,0.30225220027446076,0.946884522311288,0.4648915089532639,0.2513969838619232,0.2513969838619232,P3-O1|F8-T8|F3-C3|P8-O2|P4-O2
chb18,56,49960.0,49964.0,4.0,1,1,0,FP,False,remote_FP,0.4268844050705962,0.8954086469831621,0.5772240468500772,-0.8526490330696106,-0.8526490330696106,P3-O1|F3-C3|FP2-F8|P4-O2|C3-P3
chb18,57,50800.0,50884.0,84.0,21,21,0,FP,False,remote_FP,0.4555875674727319,0.8781749537097063,0.6393906051429924,1.3933088779449463,3.712026834487915,CZ-PZ|C4-P4|T8-P8|F8-T8|P8-O2
chb18,58,52720.0,52724.0,4.0,1,1,0,FP,False,remote_FP,0.4281659636640789,0.8866652979019226,0.554722840085238,0.41323190927505493,0.41323190927505493,F4-C4|FP2-F8|FP2-F4|F3-C3|P4-O2
chb18,59,52820.0,52964.0,144.0,36,36,0,FP,False,remote_FP,0.4410729665893325,0.8773706165311956,0.5467386525591179,0.44365525245666504,2.5147252082824707,FP2-F4|F4-C4|F8-T8|FP1-F3|FP2-F8
chb18,60,53500.0,53504.0,4.0,1,1,0,FP,False,remote_FP,0.35766377732063126,0.9248111480881767,0.5119287365231766,-0.8325110673904419,-0.8325110673904419,FP1-F7|FP2-F4|FP2-F8|FZ-CZ|P3-O1
chb18,61,55160.0,55164.0,4.0,1,1,0,FP,False,remote_FP,0.3727211922067133,0.9209983376168357,0.5415035381267458,-0.3376372456550598,-0.3376372456550598,P4-O2|P3-O1|P8-O2|F8-T8|FP1-F3
chb18,62,56360.0,56444.0,84.0,21,21,0,FP,False,remote_FP,0.5114398442634667,0.8459007053966927,0.6435818076184472,0.5945717692375183,2.9490482807159424,C3-P3|FP1-F7|FZ-CZ|FP2-F8|CZ-PZ
chb18,63,56540.0,56604.0,64.0,16,16,0,FP,False,remote_FP,0.3268429499992662,0.9341489180196411,0.4629884544700768,0.818410336971283,4.470241069793701,FP1-F7|F8-T8|P4-O2|FP1-F3|P7-O1
chb18,64,56860.0,56864.0,4.0,1,1,0,FP,False,remote_FP,0.32706228501934675,0.9407648370044668,0.4980126183742184,-0.06697426736354828,-0.06697426736354828,C4-P4|P7-O1|FP2-F4|P3-O1|F4-C4
chb18,65,57040.0,57044.0,4.0,1,1,0,FP,False,remote_FP,0.393723500206268,0.9113870825240801,0.5688451026472852,-0.5870795845985413,-0.5870795845985413,FP2-F4|FP1-F3|FP1-F7|FP2-F8|C4-P4
chb18,66,57880.0,57924.0,44.0,11,11,0,FP,False,remote_FP,0.4020006589259273,0.8992851147300109,0.5376432366964126,0.4724356532096863,1.8528294563293457,P3-O1|FP1-F3|FP2-F4|C4-P4|T7-P7
chb18,67,59400.0,59404.0,4.0,1,1,0,FP,False,remote_FP,0.3745860559341483,0.9187016060764811,0.5207634533779446,-1.332703948020935,-1.332703948020935,P4-O2|C4-P4|CZ-PZ|F4-C4|C3-P3
chb18,68,104260.0,104344.0,84.0,21,13,1,TP,False,TP,0.3726655987965912,0.9180597029682697,0.5377383574768174,2.3733508586883545,5.867528915405273,P8-O2|P4-O2|FP1-F3|CZ-PZ|F8-T8
chb18,69,110080.0,110184.0,104.0,26,18,1,TP,False,TP,0.304499262579518,0.9413221343259841,0.45203825007958287,2.622365713119507,5.889223575592041,P4-O2|C3-P3|P8-O2|CZ-PZ|F7-T7
chb18,70,112180.0,112264.0,84.0,21,14,1,TP,False,TP,0.3338345707466164,0.9355307883486441,0.48912253709904446,2.115457773208618,4.856438159942627,P8-O2|P4-O2|C3-P3|CZ-PZ|F8-T8
chb18,71,123260.0,123364.0,104.0,26,17,1,TP,False,TP,0.3163935577511654,0.9442516487742258,0.48502755662946584,2.3101186752319336,6.940528869628906,P8-O2|P4-O2|C3-P3|C4-P4|F3-C3
chb18,72,125120.0,125204.0,84.0,21,13,1,TP,False,TP,0.4297734113275635,0.8918045949504598,0.5710308955813654,2.0459227561950684,4.934025287628174,CZ-PZ|C3-P3|P8-O2|P7-O1|P4-O2
